,Unit Type,IMEI,Company,Phone Number,Last Event Date,Dealer
67,Queclink GL 300,862369030202168,**CANCELADO VENTAS,,5/16/2020 12:01:30 PM,UTS Sistemas Kalo MX
68,Queclink GL 300,862369031455419,**CANCELADO VENTAS,5901019161327,6/4/2020 6:10:18 AM,UTS Sistemas Kalo MX
69,Queclink GL 300,862369030511832,**CANCELADO VENTAS,,4/4/2019 11:33:06 PM,UTS Sistemas Kalo MX
70,Queclink GL 300,862369030516518,**CANCELADO VENTAS,,2/23/2019 11:40:36 AM,UTS Sistemas Kalo MX
71,Queclink GL 300,862369030510610,**CANCELADO VENTAS,,3/24/2020 2:21:02 PM,UTS Sistemas Kalo MX
72,Queclink GL 300,862369030517060,**CANCELADO VENTAS,,6/21/2020 10:31:45 AM,UTS Sistemas Kalo MX
73,Queclink GL 300,862369030522177,**CANCELADO VENTAS,,6/5/2020 12:36:56 PM,UTS Sistemas Kalo MX
74,Queclink GL 300,862369030529867,**CANCELADO VENTAS,5901009782991,9/16/2023 3:41:55 PM,UTS Sistemas Kalo MX
75,Queclink GL 300,862369030536060,**CANCELADO VENTAS,5901009808956,1/4/2024 6:17:48 AM,UTS Sistemas Kalo MX
76,Queclink GL 300,862369030530519,**CANCELADO VENTAS,5901000291162,8/23/2023 4:51:02 PM,UTS Sistemas Kalo MX
77,Queclink GL 300,862369030533281,**CANCELADO VENTAS,5901009795938,1/4/2024 6:17:57 AM,UTS Sistemas Kalo MX
78,Queclink GL 300,862369030351270,**CANCELADO VENTAS,5901009740048,1/4/2024 6:04:55 AM,UTS Sistemas Kalo MX
79,Queclink GL 300,862369030555904,**CANCELADO VENTAS,,3/4/2021 1:13:59 AM,UTS Sistemas Kalo MX
80,Queclink GL 300,862369031024074,**CANCELADO VENTAS,5901014341875,1/25/2022 4:53:27 PM,UTS Sistemas Kalo MX
81,Queclink GL 300,862369030206631,**CANCELADO VENTAS,,2/18/2020 10:21:07 AM,UTS Sistemas Kalo MX
82,Queclink GL 300,862369031294735,**CANCELADO VENTAS,5901017947936,6/16/2023 9:27:05 AM,UTS Sistemas Kalo MX
83,Queclink GL 300,862369031308782,**CANCELADO VENTAS,5901017946734,8/23/2023 4:51:09 PM,UTS Sistemas Kalo MX
84,Queclink GL 300,862369031302132,**CANCELADO VENTAS,5901017947945,8/23/2023 1:54:57 PM,UTS Sistemas Kalo MX
85,Queclink GL 300,862369031020809,**CANCELADO VENTAS,5901014341876,2/28/2023 3:11:26 PM,UTS Sistemas Kalo MX
86,Queclink GL 300,862369030515080,**CANCELADO VENTAS,,6/18/2020 7:22:42 AM,UTS Sistemas Kalo MX
87,Queclink GL 300,862369030533059,**CANCELADO VENTAS,5901009579833,2/23/2022 6:56:40 AM,UTS Sistemas Kalo MX
88,Queclink GL 300,862369030526855,**CANCELADO VENTAS,5901009534243,1/28/2022 1:44:23 PM,UTS Sistemas Kalo MX
89,Queclink GL 300,862369030545269,**CANCELADO VENTAS,,11/6/2020 6:58:48 PM,UTS Sistemas Kalo MX
90,Queclink GL 300,15181003719342,**CANCELADO VENTAS,5901012588946,12/2/2021 9:41:24 PM,UTS Sistemas Kalo MX
91,Queclink GL 300,862369031055201,**CANCELADO VENTAS,0,3/25/2023 8:56:16 AM,UTS Sistemas Kalo MX
92,Queclink GL 300,862369030203653,**CANCELADO VENTAS,,12/23/2018 12:24:54 PM,UTS Sistemas Kalo MX
93,Queclink GL 300,862369030539403,**CANCELADO VENTAS,5901012193251,9/16/2023 10:32:36 PM,UTS Sistemas Kalo MX
94,Queclink GL 300,862369030195040,**CANCELADO VENTAS,,3/18/2020 1:37:33 AM,UTS Sistemas Kalo MX
95,Queclink GL 300,862369030200717,**CANCELADO VENTAS,,4/5/2020 12:38:00 PM,UTS Sistemas Kalo MX
96,Queclink GL 300,862369030630335,**CANCELADO VENTAS,,11/24/2021 11:02:01 AM,UTS Sistemas Kalo MX
97,Queclink GL 300,862369030531095,**CANCELADO VENTAS,5901009432753,9/17/2023 9:58:52 PM,UTS Sistemas Kalo MX
98,Queclink GL 300,862369030522565,**CANCELADO VENTAS,,7/31/2020 11:26:56 PM,UTS Sistemas Kalo MX
1337,Queclink GL 300,860599000668574,**CANCELADO VENTAS,5901005013962,2/28/2024 5:32:38 PM,UTS Sistemas Kalo MX
1414,Queclink GL 300,860599000665984,**CANCELADO VENTAS,8122002002,5/30/2023 11:19:21 AM,UTS Sistemas Kalo MX
1561,Queclink GL 300,860599000670885,**CANCELADOS COMODATO,,7/3/2019 4:59:38 PM,UTS Sistemas Kalo MX
1562,Queclink GL 300,,**CANCELADOS COMODATO,,4/19/2021 5:40:40 PM,UTS Sistemas Kalo MX
1563,Queclink GL 300,860599001198514,**CANCELADOS COMODATO,,3/23/2019 1:54:17 AM,UTS Sistemas Kalo MX
1564,Queclink GL 300,862369030530758,**CANCELADOS COMODATO,,11/3/2020 9:38:21 AM,UTS Sistemas Kalo MX
1565,Queclink GL 300,215643215,**CANCELADOS COMODATO,5901017946742,12/4/2023 1:28:30 PM,UTS Sistemas Kalo MX
1566,Queclink GL 300,862369030542282,**CANCELADOS COMODATO,0,12/8/2021 2:59:22 PM,UTS Sistemas Kalo MX
1567,Queclink GL 300,,**CANCELADOS COMODATO,,2/22/2021 2:58:07 PM,UTS Sistemas Kalo MX
1568,Queclink GL 300,860599000670075,**CANCELADOS COMODATO,5901008465245,11/8/2023 10:35:17 AM,UTS Sistemas Kalo MX
2070,Queclink GL 300,862369030521682,**INVENTARIO COMODATO,,2/22/2020 6:59:28 PM,UTS Sistemas Kalo MX
2402,Queclink GL 300,862369030521500,**Inventory,,2/11/2019 8:13:53 AM,UTS Sistemas Kalo MX
2403,Queclink GL 300,860599000692756,**Inventory,,10/15/2017 3:20:57 PM,UTS Sistemas Kalo MX
3177,Queclink GL 300,C316,**Inventory,,10/31/2016 1:43:34 PM,UTS Sistemas Kalo MX
4002,Queclink GL 300,862369031307867,ABRIL ANAHI PIÃ‘A LOPEZ,5901019684253,7/27/2024 1:00:29 PM,UTS Sistemas Kalo MX
4078,Queclink GL 300,862369030557033,ARNULFO JESUS MEJIA GONZALEZ,5901009757296,2/20/2024 7:25:01 AM,UTS Sistemas Kalo MX
4204,Queclink GL 300,862369031329952,CAFETERA EL GRANDE SA DE CV,5901017369667,10/2/2024 9:41:38 AM,UTS Sistemas Kalo MX
4292,Queclink GL 300,862369031375625,CELESTINO MENDIETA MEDINA,5901020046340,9/29/2024 4:27:18 PM,UTS Sistemas Kalo MX
4348,Queclink GL 300,862369031469030,EMPACADORA SAMAGO,5901020276399,10/2/2024 3:48:20 PM,UTS Sistemas Kalo MX
4518,Queclink GL 300,862369030514745,JORGE LUIS HERNANDEZ GUERRERO,5901008478893,8/1/2024 5:33:45 AM,UTS Sistemas Kalo MX
4567,Queclink GL 300,862369030524108,JOSE LUIS MARTINEZ VAZQUEZ,5901012191715,10/1/2024 10:59:57 AM,UTS Sistemas Kalo MX
4623,Queclink GL 300,862369030696195,MEGA POLLOS,5901012566557,7/24/2024 2:58:41 PM,UTS Sistemas Kalo MX
4800,Queclink GL 300,862369031312990,RUBEN JIMENEZ,5901017946740,6/8/2023 1:18:37 PM,UTS Sistemas Kalo MX
4801,Queclink GL 300,862369030638221,SAN ANGEL MUDANZAS,5901012588968,7/19/2023 6:38:34 PM,UTS Sistemas Kalo MX
4817,Queclink GL 300,862369031463645,SOLEC SOLUCIONES ELECTRICAS SA DE CV,5901020276400,9/26/2024 6:52:39 PM,UTS Sistemas Kalo MX
4829,Queclink GL 300,862369031338284,STOCK PRET COMMUNIQUE,5901017946738,9/15/2023 2:35:07 PM,UTS Sistemas Kalo MX
5016,Queclink GL 300,111,UTS SISTEMAS S.A DE CV,0,5/29/2023 4:19:08 AM,UTS Sistemas Kalo MX
5017,Queclink GL 300,11,UTS SISTEMAS S.A DE CV,0,5/28/2023 8:06:46 AM,UTS Sistemas Kalo MX
5018,Queclink GL 300,,UTS SISTEMAS S.A DE CV,,1/1/1900 12:00:00 AM,UTS Sistemas Kalo MX
5019,Queclink GL 300,,UTS SISTEMAS S.A DE CV,,1/1/1900 12:00:00 AM,UTS Sistemas Kalo MX
5020,Queclink GL 300,,UTS SISTEMAS S.A DE CV,,1/1/1900 12:00:00 AM,UTS Sistemas Kalo MX
5021,Queclink GL 300,,UTS SISTEMAS S.A DE CV,,1/1/1900 12:00:00 AM,UTS Sistemas Kalo MX
5022,Queclink GL 300,,UTS SISTEMAS S.A DE CV,,1/1/1900 12:00:00 AM,UTS Sistemas Kalo MX
5023,Queclink GL 300,,UTS SISTEMAS S.A DE CV,,1/1/1900 12:00:00 AM,UTS Sistemas Kalo MX
5024,Queclink GL 300,,UTS SISTEMAS S.A DE CV,,1/1/1900 12:00:00 AM,UTS Sistemas Kalo MX
5025,Queclink GL 300,,UTS SISTEMAS S.A DE CV,,1/1/1900 12:00:00 AM,UTS Sistemas Kalo MX
5026,Queclink GL 300,,UTS SISTEMAS S.A DE CV,,1/1/1900 12:00:00 AM,UTS Sistemas Kalo MX
5027,Queclink GL 300,,UTS SISTEMAS S.A DE CV,,1/1/1900 12:00:00 AM,UTS Sistemas Kalo MX
5028,Queclink GL 300,,UTS SISTEMAS S.A DE CV,,1/1/1900 12:00:00 AM,UTS Sistemas Kalo MX
5029,Queclink GL 300,,UTS SISTEMAS S.A DE CV,,1/1/1900 12:00:00 AM,UTS Sistemas Kalo MX
5030,Queclink GL 300,,UTS SISTEMAS S.A DE CV,,1/1/1900 12:00:00 AM,UTS Sistemas Kalo MX
5031,Queclink GL 300,,UTS SISTEMAS S.A DE CV,,1/1/1900 12:00:00 AM,UTS Sistemas Kalo MX
5032,Queclink GL 300,,UTS SISTEMAS S.A DE CV,,1/1/1900 12:00:00 AM,UTS Sistemas Kalo MX
5033,Queclink GL 300,,UTS SISTEMAS S.A DE CV,,1/1/1900 12:00:00 AM,UTS Sistemas Kalo MX
5034,Queclink GL 300,,UTS SISTEMAS S.A DE CV,,1/1/1900 12:00:00 AM,UTS Sistemas Kalo MX
5035,Queclink GL 300,,UTS SISTEMAS S.A DE CV,,1/1/1900 12:00:00 AM,UTS Sistemas Kalo MX
5036,Queclink GL 300,,UTS SISTEMAS S.A DE CV,,1/1/1900 12:00:00 AM,UTS Sistemas Kalo MX
5037,Queclink GL 300,,UTS SISTEMAS S.A DE CV,,1/1/1900 12:00:00 AM,UTS Sistemas Kalo MX
5038,Queclink GL 300,,UTS SISTEMAS S.A DE CV,,1/1/1900 12:00:00 AM,UTS Sistemas Kalo MX
5039,Queclink GL 300,,UTS SISTEMAS S.A DE CV,,1/1/1900 12:00:00 AM,UTS Sistemas Kalo MX
5040,Queclink GL 300,,UTS SISTEMAS S.A DE CV,,1/1/1900 12:00:00 AM,UTS Sistemas Kalo MX
5041,Queclink GL 300,,UTS SISTEMAS S.A DE CV,,1/1/1900 12:00:00 AM,UTS Sistemas Kalo MX
5042,Queclink GL 300,,UTS SISTEMAS S.A DE CV,,1/1/1900 12:00:00 AM,UTS Sistemas Kalo MX
5043,Queclink GL 300,,UTS SISTEMAS S.A DE CV,,1/1/1900 12:00:00 AM,UTS Sistemas Kalo MX
5044,Queclink GL 300,,UTS SISTEMAS S.A DE CV,,1/1/1900 12:00:00 AM,UTS Sistemas Kalo MX
5045,Queclink GL 300,,UTS SISTEMAS S.A DE CV,,1/1/1900 12:00:00 AM,UTS Sistemas Kalo MX
5046,Queclink GL 300,,UTS SISTEMAS S.A DE CV,,1/1/1900 12:00:00 AM,UTS Sistemas Kalo MX
5047,Queclink GL 300,,UTS SISTEMAS S.A DE CV,,1/1/1900 12:00:00 AM,UTS Sistemas Kalo MX
5048,Queclink GL 300,,UTS SISTEMAS S.A DE CV,,1/1/1900 12:00:00 AM,UTS Sistemas Kalo MX
5049,Queclink GL 300,,UTS SISTEMAS S.A DE CV,,1/1/1900 12:00:00 AM,UTS Sistemas Kalo MX
5050,Queclink GL 300,,UTS SISTEMAS S.A DE CV,,1/1/1900 12:00:00 AM,UTS Sistemas Kalo MX
5051,Queclink GL 300,,UTS SISTEMAS S.A DE CV,,1/1/1900 12:00:00 AM,UTS Sistemas Kalo MX
5052,Queclink GL 300,,UTS SISTEMAS S.A DE CV,,1/1/1900 12:00:00 AM,UTS Sistemas Kalo MX
5053,Queclink GL 300,,UTS SISTEMAS S.A DE CV,,1/1/1900 12:00:00 AM,UTS Sistemas Kalo MX
5054,Queclink GL 300,,UTS SISTEMAS S.A DE CV,,1/1/1900 12:00:00 AM,UTS Sistemas Kalo MX
5055,Queclink GL 300,,UTS SISTEMAS S.A DE CV,,1/1/1900 12:00:00 AM,UTS Sistemas Kalo MX
5056,Queclink GL 300,,UTS SISTEMAS S.A DE CV,,1/1/1900 12:00:00 AM,UTS Sistemas Kalo MX
5057,Queclink GL 300,,UTS SISTEMAS S.A DE CV,,1/1/1900 12:00:00 AM,UTS Sistemas Kalo MX
5058,Queclink GL 300,,UTS SISTEMAS S.A DE CV,,1/1/1900 12:00:00 AM,UTS Sistemas Kalo MX
5059,Queclink GL 300,,UTS SISTEMAS S.A DE CV,,1/1/1900 12:00:00 AM,UTS Sistemas Kalo MX
5060,Queclink GL 300,,UTS SISTEMAS S.A DE CV,,1/1/1900 12:00:00 AM,UTS Sistemas Kalo MX
5061,Queclink GL 300,,UTS SISTEMAS S.A DE CV,,1/1/1900 12:00:00 AM,UTS Sistemas Kalo MX
5062,Queclink GL 300,,UTS SISTEMAS S.A DE CV,,1/1/1900 12:00:00 AM,UTS Sistemas Kalo MX
5063,Queclink GL 300,,UTS SISTEMAS S.A DE CV,,1/1/1900 12:00:00 AM,UTS Sistemas Kalo MX
5064,Queclink GL 300,,UTS SISTEMAS S.A DE CV,,1/1/1900 12:00:00 AM,UTS Sistemas Kalo MX
5065,Queclink GL 300,,UTS SISTEMAS S.A DE CV,,1/1/1900 12:00:00 AM,UTS Sistemas Kalo MX
5066,Queclink GL 300,,UTS SISTEMAS S.A DE CV,,1/1/1900 12:00:00 AM,UTS Sistemas Kalo MX
5067,Queclink GL 300,,UTS SISTEMAS S.A DE CV,,1/1/1900 12:00:00 AM,UTS Sistemas Kalo MX
5068,Queclink GL 300,,UTS SISTEMAS S.A DE CV,,1/1/1900 12:00:00 AM,UTS Sistemas Kalo MX
5069,Queclink GL 300,,UTS SISTEMAS S.A DE CV,,1/1/1900 12:00:00 AM,UTS Sistemas Kalo MX
5070,Queclink GL 300,,UTS SISTEMAS S.A DE CV,,1/1/1900 12:00:00 AM,UTS Sistemas Kalo MX
5071,Queclink GL 300,,UTS SISTEMAS S.A DE CV,,1/1/1900 12:00:00 AM,UTS Sistemas Kalo MX
5072,Queclink GL 300,,UTS SISTEMAS S.A DE CV,,1/1/1900 12:00:00 AM,UTS Sistemas Kalo MX
5073,Queclink GL 300,,UTS SISTEMAS S.A DE CV,,1/1/1900 12:00:00 AM,UTS Sistemas Kalo MX
5074,Queclink GL 300,,UTS SISTEMAS S.A DE CV,,1/1/1900 12:00:00 AM,UTS Sistemas Kalo MX
5075,Queclink GL 300,,UTS SISTEMAS S.A DE CV,,1/1/1900 12:00:00 AM,UTS Sistemas Kalo MX
5076,Queclink GL 300,,UTS SISTEMAS S.A DE CV,,1/1/1900 12:00:00 AM,UTS Sistemas Kalo MX
5077,Queclink GL 300,,UTS SISTEMAS S.A DE CV,,1/1/1900 12:00:00 AM,UTS Sistemas Kalo MX
5078,Queclink GL 300,,UTS SISTEMAS S.A DE CV,,1/1/1900 12:00:00 AM,UTS Sistemas Kalo MX
5079,Queclink GL 300,,UTS SISTEMAS S.A DE CV,,1/1/1900 12:00:00 AM,UTS Sistemas Kalo MX
5080,Queclink GL 300,,UTS SISTEMAS S.A DE CV,,1/1/1900 12:00:00 AM,UTS Sistemas Kalo MX
5081,Queclink GL 300,,UTS SISTEMAS S.A DE CV,,1/1/1900 12:00:00 AM,UTS Sistemas Kalo MX
5082,Queclink GL 300,,UTS SISTEMAS S.A DE CV,,1/1/1900 12:00:00 AM,UTS Sistemas Kalo MX
5083,Queclink GL 300,,UTS SISTEMAS S.A DE CV,,1/1/1900 12:00:00 AM,UTS Sistemas Kalo MX
5084,Queclink GL 300,,UTS SISTEMAS S.A DE CV,,1/1/1900 12:00:00 AM,UTS Sistemas Kalo MX
5085,Queclink GL 300,,UTS SISTEMAS S.A DE CV,,1/1/1900 12:00:00 AM,UTS Sistemas Kalo MX
5086,Queclink GL 300,,UTS SISTEMAS S.A DE CV,,1/1/1900 12:00:00 AM,UTS Sistemas Kalo MX
5087,Queclink GL 300,,UTS SISTEMAS S.A DE CV,,1/1/1900 12:00:00 AM,UTS Sistemas Kalo MX
5088,Queclink GL 300,,UTS SISTEMAS S.A DE CV,,1/1/1900 12:00:00 AM,UTS Sistemas Kalo MX
5089,Queclink GL 300,,UTS SISTEMAS S.A DE CV,,1/1/1900 12:00:00 AM,UTS Sistemas Kalo MX
5090,Queclink GL 300,,UTS SISTEMAS S.A DE CV,,1/1/1900 12:00:00 AM,UTS Sistemas Kalo MX
5091,Queclink GL 300,,UTS SISTEMAS S.A DE CV,,1/1/1900 12:00:00 AM,UTS Sistemas Kalo MX
5092,Queclink GL 300,,UTS SISTEMAS S.A DE CV,,1/1/1900 12:00:00 AM,UTS Sistemas Kalo MX
5093,Queclink GL 300,,UTS SISTEMAS S.A DE CV,,1/1/1900 12:00:00 AM,UTS Sistemas Kalo MX
5094,Queclink GL 300,,UTS SISTEMAS S.A DE CV,,1/1/1900 12:00:00 AM,UTS Sistemas Kalo MX
5095,Queclink GL 300,,UTS SISTEMAS S.A DE CV,,1/1/1900 12:00:00 AM,UTS Sistemas Kalo MX
5096,Queclink GL 300,,UTS SISTEMAS S.A DE CV,,1/1/1900 12:00:00 AM,UTS Sistemas Kalo MX
5097,Queclink GL 300,,UTS SISTEMAS S.A DE CV,,1/1/1900 12:00:00 AM,UTS Sistemas Kalo MX
5098,Queclink GL 300,,UTS SISTEMAS S.A DE CV,,1/1/1900 12:00:00 AM,UTS Sistemas Kalo MX
5099,Queclink GL 300,,UTS SISTEMAS S.A DE CV,,1/1/1900 12:00:00 AM,UTS Sistemas Kalo MX
5100,Queclink GL 300,,UTS SISTEMAS S.A DE CV,,1/1/1900 12:00:00 AM,UTS Sistemas Kalo MX
5101,Queclink GL 300,,UTS SISTEMAS S.A DE CV,,1/1/1900 12:00:00 AM,UTS Sistemas Kalo MX
5102,Queclink GL 300,,UTS SISTEMAS S.A DE CV,,1/1/1900 12:00:00 AM,UTS Sistemas Kalo MX
5103,Queclink GL 300,,UTS SISTEMAS S.A DE CV,,1/1/1900 12:00:00 AM,UTS Sistemas Kalo MX
5104,Queclink GL 300,,UTS SISTEMAS S.A DE CV,,1/1/1900 12:00:00 AM,UTS Sistemas Kalo MX
5105,Queclink GL 300,,UTS SISTEMAS S.A DE CV,,1/1/1900 12:00:00 AM,UTS Sistemas Kalo MX
5106,Queclink GL 300,,UTS SISTEMAS S.A DE CV,,1/1/1900 12:00:00 AM,UTS Sistemas Kalo MX
5107,Queclink GL 300,,UTS SISTEMAS S.A DE CV,,1/1/1900 12:00:00 AM,UTS Sistemas Kalo MX
5108,Queclink GL 300,,UTS SISTEMAS S.A DE CV,,1/1/1900 12:00:00 AM,UTS Sistemas Kalo MX
5109,Queclink GL 300,,UTS SISTEMAS S.A DE CV,,1/1/1900 12:00:00 AM,UTS Sistemas Kalo MX
5110,Queclink GL 300,,UTS SISTEMAS S.A DE CV,,1/1/1900 12:00:00 AM,UTS Sistemas Kalo MX
5111,Queclink GL 300,,UTS SISTEMAS S.A DE CV,,1/1/1900 12:00:00 AM,UTS Sistemas Kalo MX
5112,Queclink GL 300,,UTS SISTEMAS S.A DE CV,,1/1/1900 12:00:00 AM,UTS Sistemas Kalo MX
5113,Queclink GL 300,,UTS SISTEMAS S.A DE CV,,1/1/1900 12:00:00 AM,UTS Sistemas Kalo MX
5114,Queclink GL 300,,UTS SISTEMAS S.A DE CV,,1/1/1900 12:00:00 AM,UTS Sistemas Kalo MX
5115,Queclink GL 300,,UTS SISTEMAS S.A DE CV,,1/1/1900 12:00:00 AM,UTS Sistemas Kalo MX
5116,Queclink GL 300,,UTS SISTEMAS S.A DE CV,,1/1/1900 12:00:00 AM,UTS Sistemas Kalo MX
5117,Queclink GL 300,,UTS SISTEMAS S.A DE CV,,1/1/1900 12:00:00 AM,UTS Sistemas Kalo MX
5118,Queclink GL 300,,UTS SISTEMAS S.A DE CV,,1/1/1900 12:00:00 AM,UTS Sistemas Kalo MX
5119,Queclink GL 300,,UTS SISTEMAS S.A DE CV,,1/1/1900 12:00:00 AM,UTS Sistemas Kalo MX
5120,Queclink GL 300,,UTS SISTEMAS S.A DE CV,,1/1/1900 12:00:00 AM,UTS Sistemas Kalo MX
5121,Queclink GL 300,,UTS SISTEMAS S.A DE CV,,1/1/1900 12:00:00 AM,UTS Sistemas Kalo MX
5122,Queclink GL 300,,UTS SISTEMAS S.A DE CV,,1/1/1900 12:00:00 AM,UTS Sistemas Kalo MX
5123,Queclink GL 300,,UTS SISTEMAS S.A DE CV,,1/1/1900 12:00:00 AM,UTS Sistemas Kalo MX
5124,Queclink GL 300,,UTS SISTEMAS S.A DE CV,,1/1/1900 12:00:00 AM,UTS Sistemas Kalo MX
5125,Queclink GL 300,,UTS SISTEMAS S.A DE CV,,1/1/1900 12:00:00 AM,UTS Sistemas Kalo MX
5126,Queclink GL 300,,UTS SISTEMAS S.A DE CV,,1/1/1900 12:00:00 AM,UTS Sistemas Kalo MX
5127,Queclink GL 300,,UTS SISTEMAS S.A DE CV,,1/1/1900 12:00:00 AM,UTS Sistemas Kalo MX
5128,Queclink GL 300,,UTS SISTEMAS S.A DE CV,,1/1/1900 12:00:00 AM,UTS Sistemas Kalo MX
5129,Queclink GL 300,,UTS SISTEMAS S.A DE CV,,1/1/1900 12:00:00 AM,UTS Sistemas Kalo MX
5130,Queclink GL 300,,UTS SISTEMAS S.A DE CV,,1/1/1900 12:00:00 AM,UTS Sistemas Kalo MX
5131,Queclink GL 300,,UTS SISTEMAS S.A DE CV,,1/1/1900 12:00:00 AM,UTS Sistemas Kalo MX
5132,Queclink GL 300,,UTS SISTEMAS S.A DE CV,,1/1/1900 12:00:00 AM,UTS Sistemas Kalo MX
5133,Queclink GL 300,,UTS SISTEMAS S.A DE CV,,1/1/1900 12:00:00 AM,UTS Sistemas Kalo MX
5134,Queclink GL 300,,UTS SISTEMAS S.A DE CV,,1/1/1900 12:00:00 AM,UTS Sistemas Kalo MX
5135,Queclink GL 300,,UTS SISTEMAS S.A DE CV,,1/1/1900 12:00:00 AM,UTS Sistemas Kalo MX
5136,Queclink GL 300,,UTS SISTEMAS S.A DE CV,,1/1/1900 12:00:00 AM,UTS Sistemas Kalo MX
5137,Queclink GL 300,,UTS SISTEMAS S.A DE CV,,1/1/1900 12:00:00 AM,UTS Sistemas Kalo MX
5138,Queclink GL 300,,UTS SISTEMAS S.A DE CV,,1/1/1900 12:00:00 AM,UTS Sistemas Kalo MX
5139,Queclink GL 300,,UTS SISTEMAS S.A DE CV,,1/1/1900 12:00:00 AM,UTS Sistemas Kalo MX
5140,Queclink GL 300,,UTS SISTEMAS S.A DE CV,,1/1/1900 12:00:00 AM,UTS Sistemas Kalo MX
5141,Queclink GL 300,,UTS SISTEMAS S.A DE CV,,1/1/1900 12:00:00 AM,UTS Sistemas Kalo MX
5142,Queclink GL 300,,UTS SISTEMAS S.A DE CV,,1/1/1900 12:00:00 AM,UTS Sistemas Kalo MX
5143,Queclink GL 300,,UTS SISTEMAS S.A DE CV,,1/1/1900 12:00:00 AM,UTS Sistemas Kalo MX
5144,Queclink GL 300,,UTS SISTEMAS S.A DE CV,,1/1/1900 12:00:00 AM,UTS Sistemas Kalo MX
5145,Queclink GL 300,,UTS SISTEMAS S.A DE CV,,1/1/1900 12:00:00 AM,UTS Sistemas Kalo MX
5146,Queclink GL 300,,UTS SISTEMAS S.A DE CV,,1/1/1900 12:00:00 AM,UTS Sistemas Kalo MX
5147,Queclink GL 300,,UTS SISTEMAS S.A DE CV,,1/1/1900 12:00:00 AM,UTS Sistemas Kalo MX
5148,Queclink GL 300,,UTS SISTEMAS S.A DE CV,,1/1/1900 12:00:00 AM,UTS Sistemas Kalo MX
5149,Queclink GL 300,,UTS SISTEMAS S.A DE CV,,1/1/1900 12:00:00 AM,UTS Sistemas Kalo MX
5150,Queclink GL 300,,UTS SISTEMAS S.A DE CV,,1/1/1900 12:00:00 AM,UTS Sistemas Kalo MX
5151,Queclink GL 300,,UTS SISTEMAS S.A DE CV,,1/1/1900 12:00:00 AM,UTS Sistemas Kalo MX
5152,Queclink GL 300,,UTS SISTEMAS S.A DE CV,,1/1/1900 12:00:00 AM,UTS Sistemas Kalo MX
5153,Queclink GL 300,,UTS SISTEMAS S.A DE CV,,1/1/1900 12:00:00 AM,UTS Sistemas Kalo MX
5154,Queclink GL 300,,UTS SISTEMAS S.A DE CV,,1/1/1900 12:00:00 AM,UTS Sistemas Kalo MX
5155,Queclink GL 300,,UTS SISTEMAS S.A DE CV,,1/1/1900 12:00:00 AM,UTS Sistemas Kalo MX
5156,Queclink GL 300,,UTS SISTEMAS S.A DE CV,,1/1/1900 12:00:00 AM,UTS Sistemas Kalo MX
5157,Queclink GL 300,,UTS SISTEMAS S.A DE CV,,1/1/1900 12:00:00 AM,UTS Sistemas Kalo MX
5158,Queclink GL 300,,UTS SISTEMAS S.A DE CV,,1/1/1900 12:00:00 AM,UTS Sistemas Kalo MX
5159,Queclink GL 300,,UTS SISTEMAS S.A DE CV,,1/1/1900 12:00:00 AM,UTS Sistemas Kalo MX
5160,Queclink GL 300,,UTS SISTEMAS S.A DE CV,,1/1/1900 12:00:00 AM,UTS Sistemas Kalo MX
5161,Queclink GL 300,,UTS SISTEMAS S.A DE CV,,1/1/1900 12:00:00 AM,UTS Sistemas Kalo MX
5162,Queclink GL 300,,UTS SISTEMAS S.A DE CV,,1/1/1900 12:00:00 AM,UTS Sistemas Kalo MX
5163,Queclink GL 300,,UTS SISTEMAS S.A DE CV,,1/1/1900 12:00:00 AM,UTS Sistemas Kalo MX
5164,Queclink GL 300,,UTS SISTEMAS S.A DE CV,,1/1/1900 12:00:00 AM,UTS Sistemas Kalo MX
5165,Queclink GL 300,,UTS SISTEMAS S.A DE CV,,1/1/1900 12:00:00 AM,UTS Sistemas Kalo MX
5166,Queclink GL 300,,UTS SISTEMAS S.A DE CV,,1/1/1900 12:00:00 AM,UTS Sistemas Kalo MX
5167,Queclink GL 300,,UTS SISTEMAS S.A DE CV,,1/1/1900 12:00:00 AM,UTS Sistemas Kalo MX
5168,Queclink GL 300,,UTS SISTEMAS S.A DE CV,,1/1/1900 12:00:00 AM,UTS Sistemas Kalo MX
5169,Queclink GL 300,,UTS SISTEMAS S.A DE CV,,1/1/1900 12:00:00 AM,UTS Sistemas Kalo MX
5170,Queclink GL 300,,UTS SISTEMAS S.A DE CV,,1/1/1900 12:00:00 AM,UTS Sistemas Kalo MX
5171,Queclink GL 300,,UTS SISTEMAS S.A DE CV,,1/1/1900 12:00:00 AM,UTS Sistemas Kalo MX
5172,Queclink GL 300,,UTS SISTEMAS S.A DE CV,,1/1/1900 12:00:00 AM,UTS Sistemas Kalo MX
5173,Queclink GL 300,,UTS SISTEMAS S.A DE CV,,1/1/1900 12:00:00 AM,UTS Sistemas Kalo MX
5174,Queclink GL 300,,UTS SISTEMAS S.A DE CV,,1/1/1900 12:00:00 AM,UTS Sistemas Kalo MX
5175,Queclink GL 300,,UTS SISTEMAS S.A DE CV,,1/1/1900 12:00:00 AM,UTS Sistemas Kalo MX
5176,Queclink GL 300,,UTS SISTEMAS S.A DE CV,,1/1/1900 12:00:00 AM,UTS Sistemas Kalo MX
5177,Queclink GL 300,,UTS SISTEMAS S.A DE CV,,1/1/1900 12:00:00 AM,UTS Sistemas Kalo MX
5178,Queclink GL 300,,UTS SISTEMAS S.A DE CV,,1/1/1900 12:00:00 AM,UTS Sistemas Kalo MX
5179,Queclink GL 300,,UTS SISTEMAS S.A DE CV,,1/1/1900 12:00:00 AM,UTS Sistemas Kalo MX
5180,Queclink GL 300,,UTS SISTEMAS S.A DE CV,,1/1/1900 12:00:00 AM,UTS Sistemas Kalo MX
5181,Queclink GL 300,,UTS SISTEMAS S.A DE CV,,1/1/1900 12:00:00 AM,UTS Sistemas Kalo MX
5182,Queclink GL 300,,UTS SISTEMAS S.A DE CV,,1/1/1900 12:00:00 AM,UTS Sistemas Kalo MX
5183,Queclink GL 300,,UTS SISTEMAS S.A DE CV,,1/1/1900 12:00:00 AM,UTS Sistemas Kalo MX
5184,Queclink GL 300,,UTS SISTEMAS S.A DE CV,,1/1/1900 12:00:00 AM,UTS Sistemas Kalo MX
5185,Queclink GL 300,,UTS SISTEMAS S.A DE CV,,1/1/1900 12:00:00 AM,UTS Sistemas Kalo MX
5186,Queclink GL 300,,UTS SISTEMAS S.A DE CV,,1/1/1900 12:00:00 AM,UTS Sistemas Kalo MX
5187,Queclink GL 300,,UTS SISTEMAS S.A DE CV,,1/1/1900 12:00:00 AM,UTS Sistemas Kalo MX
5188,Queclink GL 300,,UTS SISTEMAS S.A DE CV,,1/1/1900 12:00:00 AM,UTS Sistemas Kalo MX
5189,Queclink GL 300,,UTS SISTEMAS S.A DE CV,,1/1/1900 12:00:00 AM,UTS Sistemas Kalo MX
5190,Queclink GL 300,,UTS SISTEMAS S.A DE CV,,1/1/1900 12:00:00 AM,UTS Sistemas Kalo MX
5191,Queclink GL 300,,UTS SISTEMAS S.A DE CV,,1/1/1900 12:00:00 AM,UTS Sistemas Kalo MX
5192,Queclink GL 300,,UTS SISTEMAS S.A DE CV,,1/1/1900 12:00:00 AM,UTS Sistemas Kalo MX
5193,Queclink GL 300,,UTS SISTEMAS S.A DE CV,,1/1/1900 12:00:00 AM,UTS Sistemas Kalo MX
5194,Queclink GL 300,,UTS SISTEMAS S.A DE CV,,1/1/1900 12:00:00 AM,UTS Sistemas Kalo MX
5195,Queclink GL 300,,UTS SISTEMAS S.A DE CV,,1/1/1900 12:00:00 AM,UTS Sistemas Kalo MX
5196,Queclink GL 300,,UTS SISTEMAS S.A DE CV,,1/1/1900 12:00:00 AM,UTS Sistemas Kalo MX
5197,Queclink GL 300,,UTS SISTEMAS S.A DE CV,,1/1/1900 12:00:00 AM,UTS Sistemas Kalo MX
5198,Queclink GL 300,,UTS SISTEMAS S.A DE CV,,1/1/1900 12:00:00 AM,UTS Sistemas Kalo MX
5199,Queclink GL 300,,UTS SISTEMAS S.A DE CV,,1/1/1900 12:00:00 AM,UTS Sistemas Kalo MX
5200,Queclink GL 300,,UTS SISTEMAS S.A DE CV,,1/1/1900 12:00:00 AM,UTS Sistemas Kalo MX
5201,Queclink GL 300,,UTS SISTEMAS S.A DE CV,,1/1/1900 12:00:00 AM,UTS Sistemas Kalo MX
5202,Queclink GL 300,,UTS SISTEMAS S.A DE CV,,1/1/1900 12:00:00 AM,UTS Sistemas Kalo MX
5203,Queclink GL 300,,UTS SISTEMAS S.A DE CV,,1/1/1900 12:00:00 AM,UTS Sistemas Kalo MX
5204,Queclink GL 300,,UTS SISTEMAS S.A DE CV,,1/1/1900 12:00:00 AM,UTS Sistemas Kalo MX
5205,Queclink GL 300,,UTS SISTEMAS S.A DE CV,,1/1/1900 12:00:00 AM,UTS Sistemas Kalo MX
5206,Queclink GL 300,,UTS SISTEMAS S.A DE CV,,1/1/1900 12:00:00 AM,UTS Sistemas Kalo MX
5207,Queclink GL 300,,UTS SISTEMAS S.A DE CV,,1/1/1900 12:00:00 AM,UTS Sistemas Kalo MX
5208,Queclink GL 300,,UTS SISTEMAS S.A DE CV,,1/1/1900 12:00:00 AM,UTS Sistemas Kalo MX
5209,Queclink GL 300,,UTS SISTEMAS S.A DE CV,,1/1/1900 12:00:00 AM,UTS Sistemas Kalo MX
5210,Queclink GL 300,,UTS SISTEMAS S.A DE CV,,1/1/1900 12:00:00 AM,UTS Sistemas Kalo MX
5211,Queclink GL 300,,UTS SISTEMAS S.A DE CV,,1/1/1900 12:00:00 AM,UTS Sistemas Kalo MX
5212,Queclink GL 300,,UTS SISTEMAS S.A DE CV,,1/1/1900 12:00:00 AM,UTS Sistemas Kalo MX
5213,Queclink GL 300,,UTS SISTEMAS S.A DE CV,,1/1/1900 12:00:00 AM,UTS Sistemas Kalo MX
5214,Queclink GL 300,,UTS SISTEMAS S.A DE CV,,1/1/1900 12:00:00 AM,UTS Sistemas Kalo MX
5215,Queclink GL 300,,UTS SISTEMAS S.A DE CV,,1/1/1900 12:00:00 AM,UTS Sistemas Kalo MX
5216,Queclink GL 300,,UTS SISTEMAS S.A DE CV,,1/1/1900 12:00:00 AM,UTS Sistemas Kalo MX
5217,Queclink GL 300,,UTS SISTEMAS S.A DE CV,,1/1/1900 12:00:00 AM,UTS Sistemas Kalo MX
5218,Queclink GL 300,,UTS SISTEMAS S.A DE CV,,1/1/1900 12:00:00 AM,UTS Sistemas Kalo MX
5219,Queclink GL 300,,UTS SISTEMAS S.A DE CV,,1/1/1900 12:00:00 AM,UTS Sistemas Kalo MX
5220,Queclink GL 300,,UTS SISTEMAS S.A DE CV,,1/1/1900 12:00:00 AM,UTS Sistemas Kalo MX
5221,Queclink GL 300,,UTS SISTEMAS S.A DE CV,,1/1/1900 12:00:00 AM,UTS Sistemas Kalo MX
5222,Queclink GL 300,,UTS SISTEMAS S.A DE CV,,1/1/1900 12:00:00 AM,UTS Sistemas Kalo MX
5223,Queclink GL 300,,UTS SISTEMAS S.A DE CV,,1/1/1900 12:00:00 AM,UTS Sistemas Kalo MX
5224,Queclink GL 300,,UTS SISTEMAS S.A DE CV,,1/1/1900 12:00:00 AM,UTS Sistemas Kalo MX
5225,Queclink GL 300,,UTS SISTEMAS S.A DE CV,,1/1/1900 12:00:00 AM,UTS Sistemas Kalo MX
5226,Queclink GL 300,,UTS SISTEMAS S.A DE CV,,1/1/1900 12:00:00 AM,UTS Sistemas Kalo MX
5227,Queclink GL 300,,UTS SISTEMAS S.A DE CV,,1/1/1900 12:00:00 AM,UTS Sistemas Kalo MX
5228,Queclink GL 300,,UTS SISTEMAS S.A DE CV,,1/1/1900 12:00:00 AM,UTS Sistemas Kalo MX
5229,Queclink GL 300,,UTS SISTEMAS S.A DE CV,,1/1/1900 12:00:00 AM,UTS Sistemas Kalo MX
5230,Queclink GL 300,,UTS SISTEMAS S.A DE CV,,1/1/1900 12:00:00 AM,UTS Sistemas Kalo MX
5231,Queclink GL 300,,UTS SISTEMAS S.A DE CV,,1/1/1900 12:00:00 AM,UTS Sistemas Kalo MX
5232,Queclink GL 300,,UTS SISTEMAS S.A DE CV,,1/1/1900 12:00:00 AM,UTS Sistemas Kalo MX
5233,Queclink GL 300,,UTS SISTEMAS S.A DE CV,,1/1/1900 12:00:00 AM,UTS Sistemas Kalo MX
5234,Queclink GL 300,,UTS SISTEMAS S.A DE CV,,1/1/1900 12:00:00 AM,UTS Sistemas Kalo MX
5235,Queclink GL 300,,UTS SISTEMAS S.A DE CV,,1/1/1900 12:00:00 AM,UTS Sistemas Kalo MX
5236,Queclink GL 300,,UTS SISTEMAS S.A DE CV,,1/1/1900 12:00:00 AM,UTS Sistemas Kalo MX
5237,Queclink GL 300,,UTS SISTEMAS S.A DE CV,,1/1/1900 12:00:00 AM,UTS Sistemas Kalo MX
5238,Queclink GL 300,,UTS SISTEMAS S.A DE CV,,1/1/1900 12:00:00 AM,UTS Sistemas Kalo MX
5239,Queclink GL 300,,UTS SISTEMAS S.A DE CV,,1/1/1900 12:00:00 AM,UTS Sistemas Kalo MX
5240,Queclink GL 300,,UTS SISTEMAS S.A DE CV,,1/1/1900 12:00:00 AM,UTS Sistemas Kalo MX
5241,Queclink GL 300,,UTS SISTEMAS S.A DE CV,,1/1/1900 12:00:00 AM,UTS Sistemas Kalo MX
5242,Queclink GL 300,,UTS SISTEMAS S.A DE CV,,1/1/1900 12:00:00 AM,UTS Sistemas Kalo MX
5243,Queclink GL 300,,UTS SISTEMAS S.A DE CV,,1/1/1900 12:00:00 AM,UTS Sistemas Kalo MX
5244,Queclink GL 300,,UTS SISTEMAS S.A DE CV,,1/1/1900 12:00:00 AM,UTS Sistemas Kalo MX
5245,Queclink GL 300,,UTS SISTEMAS S.A DE CV,,1/1/1900 12:00:00 AM,UTS Sistemas Kalo MX
5246,Queclink GL 300,,UTS SISTEMAS S.A DE CV,,1/1/1900 12:00:00 AM,UTS Sistemas Kalo MX
5247,Queclink GL 300,,UTS SISTEMAS S.A DE CV,,1/1/1900 12:00:00 AM,UTS Sistemas Kalo MX
5248,Queclink GL 300,,UTS SISTEMAS S.A DE CV,,1/1/1900 12:00:00 AM,UTS Sistemas Kalo MX
5249,Queclink GL 300,,UTS SISTEMAS S.A DE CV,,1/1/1900 12:00:00 AM,UTS Sistemas Kalo MX
5250,Queclink GL 300,,UTS SISTEMAS S.A DE CV,,1/1/1900 12:00:00 AM,UTS Sistemas Kalo MX
5251,Queclink GL 300,,UTS SISTEMAS S.A DE CV,,1/1/1900 12:00:00 AM,UTS Sistemas Kalo MX
5252,Queclink GL 300,,UTS SISTEMAS S.A DE CV,,1/1/1900 12:00:00 AM,UTS Sistemas Kalo MX
5253,Queclink GL 300,,UTS SISTEMAS S.A DE CV,,1/1/1900 12:00:00 AM,UTS Sistemas Kalo MX
5254,Queclink GL 300,,UTS SISTEMAS S.A DE CV,,1/1/1900 12:00:00 AM,UTS Sistemas Kalo MX
5255,Queclink GL 300,,UTS SISTEMAS S.A DE CV,,1/1/1900 12:00:00 AM,UTS Sistemas Kalo MX
5256,Queclink GL 300,,UTS SISTEMAS S.A DE CV,,1/1/1900 12:00:00 AM,UTS Sistemas Kalo MX
5257,Queclink GL 300,,UTS SISTEMAS S.A DE CV,,1/1/1900 12:00:00 AM,UTS Sistemas Kalo MX
5506,Queclink GL 300,862369031054303,VICTOR RFAEL SILVA LOPEZ,5901014930817,6/22/2024 7:36:11 PM,UTS Sistemas Kalo MX
66,Queclink GL 300W,862369030967067,ASOCIACION DE RECICLADORES CON HONOR,9103449813,5/19/2024 9:04:57 PM,TSO Colombia - IBO IDCOM
67,Queclink GL 300W,862369030948075,ASOCIACION DE RECICLADORES CON HONOR,9103449815,3/28/2024 8:11:50 AM,TSO Colombia - IBO IDCOM
68,Queclink GL 300W,862369030944108,ASOCIACION DE RECICLADORES CON HONOR,9103392619,3/26/2024 2:46:34 PM,TSO Colombia - IBO IDCOM
69,Queclink GL 300W,862369030946772,ASOCIACION DE RECICLADORES CON HONOR,9103448585,7/29/2021 4:19:21 PM,TSO Colombia - IBO IDCOM
70,Queclink GL 300W,862369030956540,ASOCIACION DE RECICLADORES CON HONOR,9103421214,8/4/2023 10:32:10 PM,TSO Colombia - IBO IDCOM
71,Queclink GL 300W,862369030946095,ASOCIACION DE RECICLADORES CON HONOR,9103386501,5/9/2024 2:49:06 PM,TSO Colombia - IBO IDCOM
72,Queclink GL 300W,862369030944942,ASOCIACION DE RECICLADORES CON HONOR,9103448577,4/5/2024 6:10:56 AM,TSO Colombia - IBO IDCOM
93,Queclink GL 300,860599003923448,ASOCIACION DE RECICLADORES FUERTES EN LA RTA,9103412463,5/9/2024 10:11:46 AM,TSO Colombia - IBO IDCOM
96,Queclink GL 300,860599003919925,ASOCIACION DE RECICLADORES FUERTES EN LA RTA,9103412444,10/1/2024 11:30:44 AM,TSO Colombia - IBO IDCOM
102,Queclink GL 300,860599003915014,ASOCIACION DE RECICLADORES FUERTES EN LA RTA,9103408697,3/26/2024 2:58:42 PM,TSO Colombia - IBO IDCOM
103,Queclink GL 300,860599002988368,ASOCIACION DE RECICLADORES FUERTES EN LA RTA,9103399978,10/5/2021 9:30:16 AM,TSO Colombia - IBO IDCOM
104,Queclink GL 300,860599003929239,ASOCIACION DE RECICLADORES FUERTES EN LA RTA,9103399966,5/7/2021 2:53:17 PM,TSO Colombia - IBO IDCOM
105,Queclink GL 300,860599003000734,ASOCIACION DE RECICLADORES FUERTES EN LA RTA,9103399957,5/7/2021 3:02:43 PM,TSO Colombia - IBO IDCOM
106,Queclink GL 300,860599002977866,ASOCIACION DE RECICLADORES FUERTES EN LA RTA,9103404959,12/4/2023 5:38:33 PM,TSO Colombia - IBO IDCOM
107,Queclink GL 300,860599002996833,ASOCIACION DE RECICLADORES FUERTES EN LA RTA,9103404990,9/30/2024 9:55:40 PM,TSO Colombia - IBO IDCOM
108,Queclink GL 300,860599002996296,ASOCIACION DE RECICLADORES FUERTES EN LA RTA,9103404952,4/15/2024 8:02:21 AM,TSO Colombia - IBO IDCOM
109,Queclink GL 300,860599002983617,ASOCIACION DE RECICLADORES FUERTES EN LA RTA,9103406174,5/9/2024 12:56:59 PM,TSO Colombia - IBO IDCOM
110,Queclink GL 300,860599002965655,ASOCIACION DE RECICLADORES FUERTES EN LA RTA,9103406175,10/1/2024 7:28:00 PM,TSO Colombia - IBO IDCOM
111,Queclink GL 300,860599003924701,ASOCIACION DE RECICLADORES FUERTES EN LA RTA,9103406176,5/9/2024 9:46:18 AM,TSO Colombia - IBO IDCOM
112,Queclink GL 300,860599003926946,ASOCIACION DE RECICLADORES FUERTES EN LA RTA,9103404982,10/2/2024 5:12:40 PM,TSO Colombia - IBO IDCOM
113,Queclink GL 300,860599002975274,ASOCIACION DE RECICLADORES FUERTES EN LA RTA,9103406177,5/9/2024 3:53:53 PM,TSO Colombia - IBO IDCOM
114,Queclink GL 300,860599003931516,ASOCIACION DE RECICLADORES FUERTES EN LA RTA,9103399963,9/22/2024 12:40:05 PM,TSO Colombia - IBO IDCOM
115,Queclink GL 300,860599003910528,ASOCIACION DE RECICLADORES FUERTES EN LA RTA,9103399965,8/10/2023 11:15:05 PM,TSO Colombia - IBO IDCOM
116,Queclink GL 300,860599003915048,ASOCIACION DE RECICLADORES FUERTES EN LA RTA,9103401183,11/5/2023 11:36:32 PM,TSO Colombia - IBO IDCOM
117,Queclink GL 300,860599003911138,ASOCIACION DE RECICLADORES FUERTES EN LA RTA,9103401184,4/1/2024 9:50:30 PM,TSO Colombia - IBO IDCOM
118,Queclink GL 300,860599002983757,ASOCIACION DE RECICLADORES FUERTES EN LA RTA,9103401185,4/20/2024 7:47:56 PM,TSO Colombia - IBO IDCOM
119,Queclink GL 300,860599002999464,ASOCIACION DE RECICLADORES FUERTES EN LA RTA,9103399956,5/7/2021 11:44:21 AM,TSO Colombia - IBO IDCOM
125,Queclink GL 300,860599004458402,ASOCIACION DE RECICLADORES JUNTOS POR LA SOSTENIBI,9103411188,10/2/2024 4:34:32 PM,TSO Colombia - IBO IDCOM
126,Queclink GL 300,860599004464905,ASOCIACION DE RECICLADORES JUNTOS POR LA SOSTENIBI,9103414976,6/5/2024 3:02:53 PM,TSO Colombia - IBO IDCOM
127,Queclink GL 300,860599004482287,ASOCIACION DE RECICLADORES JUNTOS POR LA SOSTENIBI,9103416185,10/10/2021 8:24:27 AM,TSO Colombia - IBO IDCOM
139,Queclink GL 300,860599004449435,ASOCIACION DE RECICLADORES JUNTOS POR LA SOSTENIBI,9101183279,8/8/2022 2:57:05 PM,TSO Colombia - IBO IDCOM
140,Queclink GL 300,860599004457503,ASOCIACION DE RECICLADORES JUNTOS POR LA SOSTENIBI,9101170645,10/2/2024 2:13:10 PM,TSO Colombia - IBO IDCOM
141,Queclink GL 300,860599004484143,ASOCIACION DE RECICLADORES JUNTOS POR LA SOSTENIBI,9101140855,12/19/2020 8:58:06 PM,TSO Colombia - IBO IDCOM
142,Queclink GL 300,860599004505186,ASOCIACION DE RECICLADORES JUNTOS POR LA SOSTENIBI,9103414933,11/9/2022 8:06:44 AM,TSO Colombia - IBO IDCOM
143,Queclink GL 300,860599004487922,ASOCIACION DE RECICLADORES JUNTOS POR LA SOSTENIBI,9103419959,1/22/2022 1:50:51 PM,TSO Colombia - IBO IDCOM
144,Queclink GL 300,860599004503546,ASOCIACION DE RECICLADORES JUNTOS POR LA SOSTENIBI,9103432335,9/11/2024 3:08:44 PM,TSO Colombia - IBO IDCOM
145,Queclink GL 300,860599004499885,ASOCIACION DE RECICLADORES JUNTOS POR LA SOSTENIBI,9103418714,1/22/2024 5:07:24 PM,TSO Colombia - IBO IDCOM
146,Queclink GL 300,860599004458378,ASOCIACION DE RECICLADORES JUNTOS POR LA SOSTENIBI,9103382761,1/22/2022 7:33:39 PM,TSO Colombia - IBO IDCOM
147,Queclink GL 300,860599004460267,ASOCIACION DE RECICLADORES JUNTOS POR LA SOSTENIBI,9103403743,7/14/2024 4:51:27 PM,TSO Colombia - IBO IDCOM
148,Queclink GL 300,860599004466918,ASOCIACION DE RECICLADORES JUNTOS POR LA SOSTENIBI,9103439812,12/19/2020 8:58:07 PM,TSO Colombia - IBO IDCOM
149,Queclink GL 300,860599004500856,ASOCIACION DE RECICLADORES JUNTOS POR LA SOSTENIBI,9103424905,9/20/2024 9:06:29 AM,TSO Colombia - IBO IDCOM
150,Queclink GL 300,860599004483913,ASOCIACION DE RECICLADORES JUNTOS POR LA SOSTENIBI,9103423698,9/3/2024 3:31:29 PM,TSO Colombia - IBO IDCOM
151,Queclink GL 300,860599004471116,ASOCIACION DE RECICLADORES JUNTOS POR LA SOSTENIBI,9103434862,11/22/2021 4:49:45 PM,TSO Colombia - IBO IDCOM
152,Queclink GL 300,860599004507307,ASOCIACION DE RECICLADORES JUNTOS POR LA SOSTENIBI,9103402470,9/24/2024 10:58:15 AM,TSO Colombia - IBO IDCOM
153,Queclink GL 300,860599004468765,ASOCIACION DE RECICLADORES JUNTOS POR LA SOSTENIBI,9103387830,8/27/2024 11:00:05 PM,TSO Colombia - IBO IDCOM
160,Queclink GL 300,860599004482980,ASOCIACION DE RECICLADORES JUNTOS POR LA SOSTENIBI,9103411190,9/11/2024 2:56:19 PM,TSO Colombia - IBO IDCOM
170,Queclink GL 300,860599004459848,ASOCIACION DE RECICLADORES PEDRO LEON TRABUCHI,9103416206,7/17/2024 11:54:45 AM,TSO Colombia - IBO IDCOM
172,Queclink GL 300,860599003921004,ASOCIACION DE RECICLADORES PEDRO LEON TRABUCHI,9103400003,10/2/2024 12:46:51 PM,TSO Colombia - IBO IDCOM
177,Queclink GL 300,860599003909132,ASOCIACION DE RECICLADORES PEDRO LEON TRABUCHI,9103406224,10/2/2024 5:12:27 PM,TSO Colombia - IBO IDCOM
178,Queclink GL 300,860599002991271,ASOCIACION DE RECICLADORES PEDRO LEON TRABUCHI,9103401186,8/30/2024 11:22:03 AM,TSO Colombia - IBO IDCOM
179,Queclink GL 300,860599003917630,ASOCIACION DE RECICLADORES PEDRO LEON TRABUCHI,9103404969,9/13/2024 9:10:14 AM,TSO Colombia - IBO IDCOM
180,Queclink GL 300,860599002999373,ASOCIACION DE RECICLADORES PEDRO LEON TRABUCHI,9103404953,10/2/2024 7:46:53 AM,TSO Colombia - IBO IDCOM
181,Queclink GL 300,860599003915444,ASOCIACION DE RECICLADORES PEDRO LEON TRABUCHI,9103404962,7/24/2024 4:28:17 PM,TSO Colombia - IBO IDCOM
182,Queclink GL 300,860599003931805,ASOCIACION DE RECICLADORES PEDRO LEON TRABUCHI,9103404963,1/22/2022 12:51:33 PM,TSO Colombia - IBO IDCOM
183,Queclink GL 300,860599002981223,ASOCIACION DE RECICLADORES PEDRO LEON TRABUCHI,9103404997,6/26/2021 12:21:25 PM,TSO Colombia - IBO IDCOM
184,Queclink GL 300,860599002990687,ASOCIACION DE RECICLADORES PEDRO LEON TRABUCHI,9103404977,9/7/2024 5:41:50 PM,TSO Colombia - IBO IDCOM
185,Queclink GL 300,860599002987923,ASOCIACION DE RECICLADORES PEDRO LEON TRABUCHI,9103404978,2/3/2021 10:19:59 PM,TSO Colombia - IBO IDCOM
186,Queclink GL 300,860599002985919,ASOCIACION DE RECICLADORES PEDRO LEON TRABUCHI,9103404979,2/14/2023 6:28:50 PM,TSO Colombia - IBO IDCOM
187,Queclink GL 300,860599002974020,ASOCIACION DE RECICLADORES PEDRO LEON TRABUCHI,9103404981,5/15/2021 7:52:59 AM,TSO Colombia - IBO IDCOM
188,Queclink GL 300,860599002987758,ASOCIACION DE RECICLADORES PEDRO LEON TRABUCHI,9103404956,3/8/2022 1:54:46 PM,TSO Colombia - IBO IDCOM
189,Queclink GL 300,860599002982759,ASOCIACION DE RECICLADORES PEDRO LEON TRABUCHI,9103404957,6/26/2021 12:21:09 PM,TSO Colombia - IBO IDCOM
190,Queclink GL 300,860599003919990,ASOCIACION DE RECICLADORES PEDRO LEON TRABUCHI,9103406179,5/24/2022 5:25:04 PM,TSO Colombia - IBO IDCOM
191,Queclink GL 300,860599002998185,ASOCIACION DE RECICLADORES PEDRO LEON TRABUCHI,9103400000,6/17/2021 2:28:12 PM,TSO Colombia - IBO IDCOM
192,Queclink GL 300,860599003912284,ASOCIACION DE RECICLADORES PEDRO LEON TRABUCHI,9103404961,10/2/2024 5:13:06 PM,TSO Colombia - IBO IDCOM
194,Queclink GL 300,860599004472692,ASOCIACION DE RECICLADORES PEDRO LEON TRABUCHI,9103416182,5/24/2024 6:50:46 AM,TSO Colombia - IBO IDCOM
200,Queclink GL 300,860599003909231,ASOCIACION DE RECICLADORES RECICONDOR,9103399976,9/19/2024 12:12:46 AM,TSO Colombia - IBO IDCOM
201,Queclink GL 300,860599002984276,ASOCIACION DE RECICLADORES RECICONDOR,9103400005,10/2/2024 5:09:52 PM,TSO Colombia - IBO IDCOM
202,Queclink GL 300,860599002981165,ASOCIACION DE RECICLADORES RECICONDOR,9103406172,9/30/2024 8:34:48 AM,TSO Colombia - IBO IDCOM
203,Queclink GL 300,860599002983625,ASOCIACION DE RECICLADORES RECICONDOR,9103404999,10/2/2024 12:23:38 PM,TSO Colombia - IBO IDCOM
204,Queclink GL 300,860599002995686,ASOCIACION DE RECICLADORES RECICONDOR,9103404958,9/28/2024 12:31:25 PM,TSO Colombia - IBO IDCOM
205,Queclink GL 300,860599003905767,ASOCIACION DE RECICLADORES RECICONDOR,9103404960,5/9/2024 3:17:12 PM,TSO Colombia - IBO IDCOM
206,Queclink GL 300,860599003916715,ASOCIACION DE RECICLADORES RECICONDOR,9103399977,12/22/2023 7:27:22 AM,TSO Colombia - IBO IDCOM
207,Queclink GL 300,860599003000668,ASOCIACION DE RECICLADORES RECICONDOR,9103399999,10/2/2024 2:59:08 PM,TSO Colombia - IBO IDCOM
208,Queclink GL 300,860599003002052,ASOCIACION DE RECICLADORES RECICONDOR,9103399960,9/13/2024 3:56:46 PM,TSO Colombia - IBO IDCOM
209,Queclink GL 300,860599002988244,ASOCIACION DE RECICLADORES RECICONDOR,9103399961,5/9/2024 10:03:18 AM,TSO Colombia - IBO IDCOM
210,Queclink GL 300,860599004458592,ASOCIACION DE RECICLADORES RECICONDOR,9101197471,9/13/2024 3:25:31 PM,TSO Colombia - IBO IDCOM
211,Queclink GL 300,860599003913092,ASOCIACION DE RECICLADORES RECICONDOR,9103400002,3/27/2024 1:48:47 PM,TSO Colombia - IBO IDCOM
212,Queclink GL 300,860599004469730,ASOCIACION DE RECICLADORES RECICONDOR,9103393693,7/15/2021 9:37:57 PM,TSO Colombia - IBO IDCOM
213,Queclink GL 300,860599004482816,ASOCIACION DE RECICLADORES RECICONDOR,91025828,7/7/2022 12:38:34 PM,TSO Colombia - IBO IDCOM
214,Queclink GL 300,860599004498051,ASOCIACION DE RECICLADORES RECICONDOR,9103451087,9/20/2024 9:24:34 PM,TSO Colombia - IBO IDCOM
215,Queclink GL 300,860599004470159,ASOCIACION DE RECICLADORES RECICONDOR,9103385212,1/22/2022 12:46:26 PM,TSO Colombia - IBO IDCOM
216,Queclink GL 300,860599004456836,ASOCIACION DE RECICLADORES RECICONDOR,9103457270,9/9/2024 9:24:36 AM,TSO Colombia - IBO IDCOM
217,Queclink GL 300,860599004456240,ASOCIACION DE RECICLADORES RECICONDOR,9103457273,10/2/2024 5:12:56 PM,TSO Colombia - IBO IDCOM
218,Queclink GL 300,860599004479846,ASOCIACION DE RECICLADORES RECICONDOR,,8/16/2024 4:37:29 PM,TSO Colombia - IBO IDCOM
220,Queclink GL 300,860599004469060,ASOCIACION DE RECICLADORES RECICONDOR,9101192058,10/2/2024 5:12:08 PM,TSO Colombia - IBO IDCOM
222,Queclink GL 300,860599004458105,ASOCIACION ECO ALIANZA ESTRATEGICA DE RECICLADORES,9103411177,4/10/2024 10:48:40 AM,TSO Colombia - IBO IDCOM
223,Queclink GL 300,860599004448023,ASOCIACION ECO ALIANZA ESTRATEGICA DE RECICLADORES,9103416195,5/31/2024 11:30:29 PM,TSO Colombia - IBO IDCOM
224,Queclink GL 300,860599004474110,ASOCIACION ECO ALIANZA ESTRATEGICA DE RECICLADORES,9103416189,8/5/2024 1:01:02 PM,TSO Colombia - IBO IDCOM
225,Queclink GL 300,860599004480208,ASOCIACION ECO ALIANZA ESTRATEGICA DE RECICLADORES,9103416190,2/28/2023 7:11:55 PM,TSO Colombia - IBO IDCOM
226,Queclink GL 300,860599004452546,ASOCIACION ECO ALIANZA ESTRATEGICA DE RECICLADORES,9103441063,10/2/2024 4:12:42 PM,TSO Colombia - IBO IDCOM
230,Queclink GL 300,860599003912219,ASOCIACION ECO ALIANZA ESTRATEGICA DE RECICLADORES,9101420152,10/2/2024 10:57:28 AM,TSO Colombia - IBO IDCOM
231,Queclink GL 300,860599003912862,ASOCIACION ECO ALIANZA ESTRATEGICA DE RECICLADORES,9101430043,9/14/2020 8:57:43 PM,TSO Colombia - IBO IDCOM
232,Queclink GL 300,860599003927563,ASOCIACION ECO ALIANZA ESTRATEGICA DE RECICLADORES,9101383638,4/18/2022 9:13:46 AM,TSO Colombia - IBO IDCOM
233,Queclink GL 300,860599003912839,ASOCIACION ECO ALIANZA ESTRATEGICA DE RECICLADORES,9101383664,10/2/2024 4:41:28 PM,TSO Colombia - IBO IDCOM
234,Queclink GL 300,860599003915170,ASOCIACION ECO ALIANZA ESTRATEGICA DE RECICLADORES,9101435769,10/1/2024 1:23:50 PM,TSO Colombia - IBO IDCOM
235,Queclink GL 300,860599003927472,ASOCIACION ECO ALIANZA ESTRATEGICA DE RECICLADORES,9101430108,9/10/2024 9:18:40 PM,TSO Colombia - IBO IDCOM
236,Queclink GL 300,860599003915519,ASOCIACION ECO ALIANZA ESTRATEGICA DE RECICLADORES,9101443109,10/2/2024 4:33:03 PM,TSO Colombia - IBO IDCOM
237,Queclink GL 300,860599003907649,ASOCIACION ECO ALIANZA ESTRATEGICA DE RECICLADORES,9101439712,12/28/2022 1:13:24 AM,TSO Colombia - IBO IDCOM
238,Queclink GL 300,860599003912961,ASOCIACION ECO ALIANZA ESTRATEGICA DE RECICLADORES,9101425996,3/17/2023 3:27:54 PM,TSO Colombia - IBO IDCOM
239,Queclink GL 300,860599003909587,ASOCIACION ECO ALIANZA ESTRATEGICA DE RECICLADORES,9101432036,8/31/2024 12:06:16 PM,TSO Colombia - IBO IDCOM
240,Queclink GL 300,860599003930963,ASOCIACION ECO ALIANZA ESTRATEGICA DE RECICLADORES,9101431947,3/18/2023 6:18:21 AM,TSO Colombia - IBO IDCOM
241,Queclink GL 300,860599003914009,ASOCIACION ECO ALIANZA ESTRATEGICA DE RECICLADORES,9101439622,8/5/2023 10:57:08 AM,TSO Colombia - IBO IDCOM
242,Queclink GL 300,860599003915295,ASOCIACION ECO ALIANZA ESTRATEGICA DE RECICLADORES,9101424029,9/24/2024 11:34:25 AM,TSO Colombia - IBO IDCOM
243,Queclink GL 300,860599003919461,ASOCIACION ECO ALIANZA ESTRATEGICA DE RECICLADORES,9101427848,10/1/2024 11:24:55 PM,TSO Colombia - IBO IDCOM
244,Queclink GL 300,860599003933595,ASOCIACION ECO ALIANZA ESTRATEGICA DE RECICLADORES,9101433856,9/30/2024 3:01:51 PM,TSO Colombia - IBO IDCOM
245,Queclink GL 300,860599003912714,ASOCIACION ECO ALIANZA ESTRATEGICA DE RECICLADORES,9103449789,9/29/2024 8:02:00 PM,TSO Colombia - IBO IDCOM
246,Queclink GL 300,860599003915717,ASOCIACION ECO ALIANZA ESTRATEGICA DE RECICLADORES,9101431968,10/2/2024 5:12:22 PM,TSO Colombia - IBO IDCOM
247,Queclink GL 300,860599003925955,ASOCIACION ECO ALIANZA ESTRATEGICA DE RECICLADORES,9101435780,9/28/2024 5:23:51 PM,TSO Colombia - IBO IDCOM
248,Queclink GL 300,860599003919651,ASOCIACION ECO ALIANZA ESTRATEGICA DE RECICLADORES,9101433858,10/1/2024 12:31:58 PM,TSO Colombia - IBO IDCOM
249,Queclink GL 300,860599003912995,ASOCIACION ECO ALIANZA ESTRATEGICA DE RECICLADORES,9101433855,9/20/2024 9:43:22 AM,TSO Colombia - IBO IDCOM
250,Queclink GL 300,860599003927738,ASOCIACION ECO ALIANZA ESTRATEGICA DE RECICLADORES,9101439700,4/10/2024 10:42:45 AM,TSO Colombia - IBO IDCOM
251,Queclink GL 300,860599003926748,ASOCIACION ECO ALIANZA ESTRATEGICA DE RECICLADORES,9101428944,4/20/2021 5:14:33 PM,TSO Colombia - IBO IDCOM
252,Queclink GL 300,860599003920055,ASOCIACION ECO ALIANZA ESTRATEGICA DE RECICLADORES,9101424089,7/8/2021 11:26:46 AM,TSO Colombia - IBO IDCOM
253,Queclink GL 300,860599003908738,ASOCIACION ECO ALIANZA ESTRATEGICA DE RECICLADORES,9101424085,7/23/2024 6:29:41 PM,TSO Colombia - IBO IDCOM
254,Queclink GL 300,860599003925393,ASOCIACION ECO ALIANZA ESTRATEGICA DE RECICLADORES,9101439717,5/24/2023 5:48:02 PM,TSO Colombia - IBO IDCOM
255,Queclink GL 300,860599003931854,ASOCIACION ECO ALIANZA ESTRATEGICA DE RECICLADORES,9103421194,7/20/2022 12:15:44 PM,TSO Colombia - IBO IDCOM
256,Queclink GL 300,860599003921855,ASOCIACION ECO ALIANZA ESTRATEGICA DE RECICLADORES,9101437717,7/18/2024 8:59:17 AM,TSO Colombia - IBO IDCOM
257,Queclink GL 300,860599003911310,ASOCIACION ECO ALIANZA ESTRATEGICA DE RECICLADORES,9101437752,8/27/2024 10:39:53 AM,TSO Colombia - IBO IDCOM
258,Queclink GL 300,860599003906864,ASOCIACION ECO ALIANZA ESTRATEGICA DE RECICLADORES,9101425955,9/28/2024 5:38:20 AM,TSO Colombia - IBO IDCOM
259,Queclink GL 300,860599003927662,ASOCIACION ECO ALIANZA ESTRATEGICA DE RECICLADORES,9101424096,10/2/2024 4:31:25 AM,TSO Colombia - IBO IDCOM
260,Queclink GL 300,860599003920022,ASOCIACION ECO ALIANZA ESTRATEGICA DE RECICLADORES,9101430098,12/15/2021 9:13:21 AM,TSO Colombia - IBO IDCOM
261,Queclink GL 300,860599003919586,ASOCIACION ECO ALIANZA ESTRATEGICA DE RECICLADORES,,8/8/2022 12:35:49 PM,TSO Colombia - IBO IDCOM
262,Queclink GL 300,860599004454807,ASOCIACION ECO ALIANZA ESTRATEGICA DE RECICLADORES,9101170701,9/25/2024 4:58:04 PM,TSO Colombia - IBO IDCOM
263,Queclink GL 300,860599003917333,ASOCIACION ECO ALIANZA ESTRATEGICA DE RECICLADORES,9101443212,10/2/2024 5:11:15 PM,TSO Colombia - IBO IDCOM
264,Queclink GL 300,860599003930195,ASOCIACION ECO ALIANZA ESTRATEGICA DE RECICLADORES,9101420232,10/1/2024 5:26:31 PM,TSO Colombia - IBO IDCOM
265,Queclink GL 300,860599003917051,ASOCIACION ECO ALIANZA ESTRATEGICA DE RECICLADORES,9101433864,10/2/2024 5:13:01 PM,TSO Colombia - IBO IDCOM
266,Queclink GL 300,860599003911724,ASOCIACION ECO ALIANZA ESTRATEGICA DE RECICLADORES,9101435877,5/8/2023 11:01:15 AM,TSO Colombia - IBO IDCOM
267,Queclink GL 300,860599003909710,ASOCIACION ECO ALIANZA ESTRATEGICA DE RECICLADORES,9101427955,9/11/2024 9:08:00 AM,TSO Colombia - IBO IDCOM
268,Queclink GL 300,860599003923844,ASOCIACION ECO ALIANZA ESTRATEGICA DE RECICLADORES,9101433929,11/23/2023 11:24:20 AM,TSO Colombia - IBO IDCOM
269,Queclink GL 300,860599003916954,ASOCIACION ECO ALIANZA ESTRATEGICA DE RECICLADORES,9101435784,6/2/2023 5:26:45 PM,TSO Colombia - IBO IDCOM
270,Queclink GL 300,860599003915238,ASOCIACION ECO ALIANZA ESTRATEGICA DE RECICLADORES,9101433932,8/1/2023 5:44:16 PM,TSO Colombia - IBO IDCOM
271,Queclink GL 300,860599003909108,ASOCIACION ECO ALIANZA ESTRATEGICA DE RECICLADORES,9101418306,10/26/2022 1:52:39 PM,TSO Colombia - IBO IDCOM
272,Queclink GL 300,860599003915667,ASOCIACION ECO ALIANZA ESTRATEGICA DE RECICLADORES,9101437725,4/10/2024 2:36:06 PM,TSO Colombia - IBO IDCOM
273,Queclink GL 300,860599003924495,ASOCIACION ECO ALIANZA ESTRATEGICA DE RECICLADORES,9101425999,4/14/2023 10:16:39 AM,TSO Colombia - IBO IDCOM
274,Queclink GL 300,860599003906351,ASOCIACION ECO ALIANZA ESTRATEGICA DE RECICLADORES,9101427946,7/19/2024 1:55:31 PM,TSO Colombia - IBO IDCOM
275,Queclink GL 300,860599003918331,ASOCIACION ECO ALIANZA ESTRATEGICA DE RECICLADORES,9101430017,4/17/2023 8:07:47 AM,TSO Colombia - IBO IDCOM
276,Queclink GL 300,860599003909645,ASOCIACION ECO ALIANZA ESTRATEGICA DE RECICLADORES,9103383992,10/1/2024 2:01:46 PM,TSO Colombia - IBO IDCOM
277,Queclink GL 300,860599003910643,ASOCIACION ECO ALIANZA ESTRATEGICA DE RECICLADORES,9101418322,8/31/2024 11:46:15 AM,TSO Colombia - IBO IDCOM
278,Queclink GL 300,860599003928850,ASOCIACION ECO ALIANZA ESTRATEGICA DE RECICLADORES,9101422185,10/2/2024 4:31:55 PM,TSO Colombia - IBO IDCOM
279,Queclink GL 300,860599003921632,ASOCIACION ECO ALIANZA ESTRATEGICA DE RECICLADORES,9101425938,2/19/2022 10:47:59 AM,TSO Colombia - IBO IDCOM
280,Queclink GL 300,860599003912524,ASOCIACION ECO ALIANZA ESTRATEGICA DE RECICLADORES,9101420190,12/5/2021 1:52:43 PM,TSO Colombia - IBO IDCOM
281,Queclink GL 300,860599003909157,ASOCIACION ECO ALIANZA ESTRATEGICA DE RECICLADORES,9101430055,8/31/2024 9:16:52 AM,TSO Colombia - IBO IDCOM
282,Queclink GL 300,860599003923232,ASOCIACION ECO ALIANZA ESTRATEGICA DE RECICLADORES,9101435774,7/29/2022 4:35:21 PM,TSO Colombia - IBO IDCOM
283,Queclink GL 300,860599003910437,ASOCIACION ECO ALIANZA ESTRATEGICA DE RECICLADORES,9101433956,11/5/2020 4:38:57 PM,TSO Colombia - IBO IDCOM
284,Queclink GL 300,860599003918802,ASOCIACION ECO ALIANZA ESTRATEGICA DE RECICLADORES,9101424064,5/23/2024 12:38:14 PM,TSO Colombia - IBO IDCOM
285,Queclink GL 300,860599003930138,ASOCIACION ECO ALIANZA ESTRATEGICA DE RECICLADORES,9101433938,10/2/2024 5:12:44 PM,TSO Colombia - IBO IDCOM
286,Queclink GL 300,860599003912722,ASOCIACION ECO ALIANZA ESTRATEGICA DE RECICLADORES,9101428947,6/24/2024 2:13:39 PM,TSO Colombia - IBO IDCOM
287,Queclink GL 300,860599003904497,ASOCIACION ECO ALIANZA ESTRATEGICA DE RECICLADORES,9101443216,9/27/2024 10:33:39 PM,TSO Colombia - IBO IDCOM
288,Queclink GL 300,860599003922846,ASOCIACION ECO ALIANZA ESTRATEGICA DE RECICLADORES,9101422139,10/1/2024 12:57:25 PM,TSO Colombia - IBO IDCOM
289,Queclink GL 300,860599003913373,ASOCIACION ECO ALIANZA ESTRATEGICA DE RECICLADORES,9101424060,8/5/2024 4:35:36 PM,TSO Colombia - IBO IDCOM
290,Queclink GL 300,860599003933116,ASOCIACION ECO ALIANZA ESTRATEGICA DE RECICLADORES,9101427890,5/14/2022 2:42:40 PM,TSO Colombia - IBO IDCOM
291,Queclink GL 300,860599003912946,ASOCIACION ECO ALIANZA ESTRATEGICA DE RECICLADORES,9101426016,9/20/2024 12:59:40 PM,TSO Colombia - IBO IDCOM
292,Queclink GL 300,860599003905247,ASOCIACION ECO ALIANZA ESTRATEGICA DE RECICLADORES,9101431937,9/3/2024 7:11:46 PM,TSO Colombia - IBO IDCOM
293,Queclink GL 300,860599003928249,ASOCIACION ECO ALIANZA ESTRATEGICA DE RECICLADORES,9101431999,9/23/2024 3:35:07 PM,TSO Colombia - IBO IDCOM
294,Queclink GL 300,860599003931938,ASOCIACION ECO ALIANZA ESTRATEGICA DE RECICLADORES,9101166784,9/26/2024 3:45:14 PM,TSO Colombia - IBO IDCOM
295,Queclink GL 300,860599003910619,ASOCIACION ECO ALIANZA ESTRATEGICA DE RECICLADORES,9101437805,8/31/2024 6:12:24 AM,TSO Colombia - IBO IDCOM
296,Queclink GL 300,860599003929593,ASOCIACION ECO ALIANZA ESTRATEGICA DE RECICLADORES,9101435881,8/23/2024 10:02:55 AM,TSO Colombia - IBO IDCOM
297,Queclink GL 300,860599003913332,ASOCIACION ECO ALIANZA ESTRATEGICA DE RECICLADORES,9101437792,10/1/2024 2:06:21 AM,TSO Colombia - IBO IDCOM
298,Queclink GL 300,860599003910312,ASOCIACION ECO ALIANZA ESTRATEGICA DE RECICLADORES,9101429024,4/13/2023 5:36:46 PM,TSO Colombia - IBO IDCOM
299,Queclink GL 300,860599003923059,ASOCIACION ECO ALIANZA ESTRATEGICA DE RECICLADORES,9101433910,9/23/2024 9:02:07 PM,TSO Colombia - IBO IDCOM
300,Queclink GL 300,860599003908936,ASOCIACION ECO ALIANZA ESTRATEGICA DE RECICLADORES,9101443188,10/2/2024 5:12:46 PM,TSO Colombia - IBO IDCOM
301,Queclink GL 300,860599003919982,ASOCIACION ECO ALIANZA ESTRATEGICA DE RECICLADORES,9101437738,9/24/2024 6:45:56 PM,TSO Colombia - IBO IDCOM
302,Queclink GL 300,860599003907482,ASOCIACION ECO ALIANZA ESTRATEGICA DE RECICLADORES,9101443221,4/10/2024 2:54:41 PM,TSO Colombia - IBO IDCOM
303,Queclink GL 300,860599002985422,ASOCIACION ECO ALIANZA ESTRATEGICA DE RECICLADORES,9101427932,6/7/2023 6:59:57 AM,TSO Colombia - IBO IDCOM
304,Queclink GL 300,860599002994614,ASOCIACION ECO ALIANZA ESTRATEGICA DE RECICLADORES,9101424093,5/9/2024 10:53:38 AM,TSO Colombia - IBO IDCOM
305,Queclink GL 300,860599002989168,ASOCIACION ECO ALIANZA ESTRATEGICA DE RECICLADORES,9101431925,9/30/2024 9:23:03 PM,TSO Colombia - IBO IDCOM
306,Queclink GL 300,860599002975563,ASOCIACION ECO ALIANZA ESTRATEGICA DE RECICLADORES,9101433868,3/23/2024 1:20:25 PM,TSO Colombia - IBO IDCOM
307,Queclink GL 300,860599002963478,ASOCIACION ECO ALIANZA ESTRATEGICA DE RECICLADORES,9101422150,4/1/2024 5:08:19 PM,TSO Colombia - IBO IDCOM
308,Queclink GL 300,860599002966646,ASOCIACION ECO ALIANZA ESTRATEGICA DE RECICLADORES,9101420253,8/22/2024 10:12:50 AM,TSO Colombia - IBO IDCOM
309,Queclink GL 300,860599002974319,ASOCIACION ECO ALIANZA ESTRATEGICA DE RECICLADORES,9101424090,9/3/2024 1:42:44 PM,TSO Colombia - IBO IDCOM
310,Queclink GL 300,860599002964625,ASOCIACION ECO ALIANZA ESTRATEGICA DE RECICLADORES,9101439658,6/10/2024 8:08:08 PM,TSO Colombia - IBO IDCOM
311,Queclink GL 300,860599002981157,ASOCIACION ECO ALIANZA ESTRATEGICA DE RECICLADORES,9101439730,9/19/2024 3:23:04 PM,TSO Colombia - IBO IDCOM
312,Queclink GL 300,860599002991388,ASOCIACION ECO ALIANZA ESTRATEGICA DE RECICLADORES,9101385558,7/19/2024 12:45:27 PM,TSO Colombia - IBO IDCOM
313,Queclink GL 300,860599002998748,ASOCIACION ECO ALIANZA ESTRATEGICA DE RECICLADORES,9101430012,9/3/2024 3:35:29 PM,TSO Colombia - IBO IDCOM
314,Queclink GL 300,860599002991594,ASOCIACION ECO ALIANZA ESTRATEGICA DE RECICLADORES,9101383605,1/27/2022 10:33:28 AM,TSO Colombia - IBO IDCOM
315,Queclink GL 300,860599002974343,ASOCIACION ECO ALIANZA ESTRATEGICA DE RECICLADORES,9101418281,10/1/2024 12:19:07 PM,TSO Colombia - IBO IDCOM
316,Queclink GL 300,860599002997435,ASOCIACION ECO ALIANZA ESTRATEGICA DE RECICLADORES,9101424044,1/9/2024 10:26:37 PM,TSO Colombia - IBO IDCOM
317,Queclink GL 300,860599002996676,ASOCIACION ECO ALIANZA ESTRATEGICA DE RECICLADORES,9101418330,5/9/2024 1:17:30 PM,TSO Colombia - IBO IDCOM
319,Queclink GL 300,860599004484499,ASOCIACION ECO ALIANZA ESTRATEGICA DE RECICLADORES,9103456051,9/26/2024 1:15:45 PM,TSO Colombia - IBO IDCOM
320,Queclink GL 300,860599004463543,ASOCIACION ECO ALIANZA ESTRATEGICA DE RECICLADORES,9103429848,5/23/2024 9:06:52 AM,TSO Colombia - IBO IDCOM
323,Queclink GL 300,860599004451795,ASOCIACION ECO ALIANZA ESTRATEGICA DE RECICLADORES,,10/2/2024 4:18:06 PM,TSO Colombia - IBO IDCOM
327,Queclink GL 300,860599004462149,ASOCIACION ECO ALIANZA ESTRATEGICA DE RECICLADORES,9103416201,1/12/2024 11:31:28 AM,TSO Colombia - IBO IDCOM
328,Queclink GL 300,860599004487971,ASOCIACION ECO ALIANZA ESTRATEGICA DE RECICLADORES,9103411206,9/30/2024 7:01:27 AM,TSO Colombia - IBO IDCOM
352,Queclink GL 300W,863457051939971,BRI Y MEN LIMITADA,9104047927,10/2/2024 9:25:43 AM,TSO Colombia - IBO IDCOM
506,Queclink GL 300W,863457051684064,CONSORCIO AGUAS H4,9103382726,10/2/2024 4:46:03 PM,TSO Colombia - IBO IDCOM
718,Queclink GL 300W,863457051934378,EXCAVACIONES SIMMAT SAS,9103449795,9/28/2024 7:02:44 AM,TSO Colombia - IBO IDCOM
738,Queclink GL 300W,863457051932935,FUNDACIONES Y PILOTAJES SAS,9103408716,10/2/2024 5:09:18 PM,TSO Colombia - IBO IDCOM
791,Queclink GL 300W,863457051939740,GRUPO INVERSIONISTA EL TRANSPORTADOR SAS,9103422439,10/1/2024 12:42:56 AM,TSO Colombia - IBO IDCOM
937,Queclink GL 300W,863457051933594,JORGE ALBERTO DIAZ ECHEVERRY,9103398699,10/2/2024 5:12:38 PM,TSO Colombia - IBO IDCOM
955,Queclink GL 300W,863457051939427,LILIANA CATTERYNE FAJARDO DIAZ / OMAIRA CALA LOPEZ,9104044072,10/2/2024 4:25:11 PM,TSO Colombia - IBO IDCOM
1074,Queclink GL 300W,868574041968590,MURCIA CONSTRUCCIONES SAS,9101152294,10/2/2024 4:20:36 PM,TSO Colombia - IBO IDCOM
119,Queclink GL 300W,868574042021100,AGROMILENIO SAS,9101142641,10/2/2024 3:12:34 PM,TSO Mobile - Colombia
380,Queclink GL 300W,862369031495449,ASOCIACION DE GESTORES AMBIENTALES,9101162420,7/31/2024 10:50:53 AM,TSO Mobile - Colombia
381,Queclink GL 300W,862369031491182,ASOCIACION DE GESTORES AMBIENTALES,9101311277,8/5/2024 5:45:36 AM,TSO Mobile - Colombia
382,Queclink GL 300W,862369031506369,ASOCIACION DE GESTORES AMBIENTALES,9101290040,9/17/2024 12:36:11 PM,TSO Mobile - Colombia
383,Queclink GL 300W,862369031520253,ASOCIACION DE GESTORES AMBIENTALES,9101377021,10/2/2024 6:18:18 AM,TSO Mobile - Colombia
384,Queclink GL 300W,862369031519974,ASOCIACION DE GESTORES AMBIENTALES,9101327132,10/2/2024 4:35:44 PM,TSO Mobile - Colombia
385,Queclink GL 300W,862369031518869,ASOCIACION DE GESTORES AMBIENTALES,9101321692,9/24/2024 11:58:22 AM,TSO Mobile - Colombia
386,Queclink GL 300W,862369031505106,ASOCIACION DE GESTORES AMBIENTALES,9101346380,9/26/2024 2:22:56 PM,TSO Mobile - Colombia
387,Queclink GL 300W,862369031530039,ASOCIACION DE GESTORES AMBIENTALES,9101160760,9/18/2024 8:02:01 AM,TSO Mobile - Colombia
388,Queclink GL 300W,862369031511039,ASOCIACION DE GESTORES AMBIENTALES,9101373527,9/28/2024 10:54:11 AM,TSO Mobile - Colombia
389,Queclink GL 300W,862369031505072,ASOCIACION DE GESTORES AMBIENTALES,9101067209,10/2/2024 8:48:55 AM,TSO Mobile - Colombia
390,Queclink GL 300W,862369031522093,ASOCIACION DE GESTORES AMBIENTALES,9101263872,10/1/2024 11:58:13 PM,TSO Mobile - Colombia
391,Queclink GL 300W,862369031502459,ASOCIACION DE GESTORES AMBIENTALES,9101266399,10/1/2024 11:14:17 AM,TSO Mobile - Colombia
392,Queclink GL 300W,862369031519818,ASOCIACION DE GESTORES AMBIENTALES,9101275376,9/25/2024 6:53:19 AM,TSO Mobile - Colombia
393,Queclink GL 300W,862369031513357,ASOCIACION DE GESTORES AMBIENTALES,9101334521,9/27/2024 10:24:17 PM,TSO Mobile - Colombia
394,Queclink GL 300W,862369031518182,ASOCIACION DE GESTORES AMBIENTALES,9101433518,9/20/2024 5:10:49 PM,TSO Mobile - Colombia
395,Queclink GL 300W,862369031518232,ASOCIACION DE GESTORES AMBIENTALES,9101272616,9/24/2024 7:56:48 PM,TSO Mobile - Colombia
396,Queclink GL 300W,862369031519859,ASOCIACION DE GESTORES AMBIENTALES,9101373617,9/13/2024 10:50:08 AM,TSO Mobile - Colombia
397,Queclink GL 300W,862369031513464,ASOCIACION DE GESTORES AMBIENTALES,9101373224,9/28/2024 2:44:53 PM,TSO Mobile - Colombia
398,Queclink GL 300W,862369031515089,ASOCIACION DE GESTORES AMBIENTALES,9101328746,9/26/2024 2:56:57 PM,TSO Mobile - Colombia
399,Queclink GL 300W,862369031514694,ASOCIACION DE GESTORES AMBIENTALES,9101067623,10/1/2024 11:32:18 PM,TSO Mobile - Colombia
407,Queclink GL 300W,862369031494673,ASOCIACION DE RECICLADORES PORVENIR ASOPORVENIR,9101332591,7/19/2024 8:58:49 AM,TSO Mobile - Colombia
408,Queclink GL 300W,862369031500677,ASOCIACION DE RECICLADORES PORVENIR ASOPORVENIR,9101065163,8/9/2024 4:41:31 AM,TSO Mobile - Colombia
409,Queclink GL 300W,862369031496975,ASOCIACION DE RECICLADORES PORVENIR ASOPORVENIR,9101156859,7/30/2024 7:13:01 AM,TSO Mobile - Colombia
410,Queclink GL 300W,862369031479625,ASOCIACION DE RECICLADORES PORVENIR ASOPORVENIR,9101053406,9/18/2024 3:22:02 AM,TSO Mobile - Colombia
411,Queclink GL 300W,862369031485853,ASOCIACION DE RECICLADORES PORVENIR ASOPORVENIR,9101352282,8/28/2024 3:38:41 PM,TSO Mobile - Colombia
412,Queclink GL 300W,862369031479609,ASOCIACION DE RECICLADORES PORVENIR ASOPORVENIR,9101371685,8/15/2024 11:52:16 AM,TSO Mobile - Colombia
413,Queclink GL 300W,862369031478486,ASOCIACION DE RECICLADORES PORVENIR ASOPORVENIR,9101331165,7/23/2024 6:22:45 PM,TSO Mobile - Colombia
414,Queclink GL 300W,862369031483395,ASOCIACION DE RECICLADORES PORVENIR ASOPORVENIR,9101194848,7/12/2024 11:55:44 AM,TSO Mobile - Colombia
415,Queclink GL 300W,862369031485044,ASOCIACION DE RECICLADORES PORVENIR ASOPORVENIR,9101153679,7/19/2024 2:31:42 PM,TSO Mobile - Colombia
416,Queclink GL 300W,862369031488527,ASOCIACION DE RECICLADORES PORVENIR ASOPORVENIR,13M5,8/20/2024 9:30:21 AM,TSO Mobile - Colombia
417,Queclink GL 300W,862369031490457,ASOCIACION DE RECICLADORES PORVENIR ASOPORVENIR,9101057446,10/1/2024 7:38:35 PM,TSO Mobile - Colombia
418,Queclink GL 300W,862369031493386,ASOCIACION DE RECICLADORES PORVENIR ASOPORVENIR,9101297804,8/8/2024 5:41:48 PM,TSO Mobile - Colombia
419,Queclink GL 300W,862369031478437,ASOCIACION DE RECICLADORES PORVENIR ASOPORVENIR,9101333100,9/22/2024 2:36:14 AM,TSO Mobile - Colombia
420,Queclink GL 300W,862369031473669,ASOCIACION DE RECICLADORES PORVENIR ASOPORVENIR,9101339112,9/27/2024 10:10:44 AM,TSO Mobile - Colombia
421,Queclink GL 300W,862369031474170,ASOCIACION DE RECICLADORES PORVENIR ASOPORVENIR,9101373178,8/6/2024 4:50:54 PM,TSO Mobile - Colombia
422,Queclink GL 300W,862369031476050,ASOCIACION DE RECICLADORES PORVENIR ASOPORVENIR,9101344129,9/18/2024 7:27:28 AM,TSO Mobile - Colombia
423,Queclink GL 300W,862369031477165,ASOCIACION DE RECICLADORES PORVENIR ASOPORVENIR,9101063498,9/14/2024 12:20:15 PM,TSO Mobile - Colombia
424,Queclink GL 300W,862369031477207,ASOCIACION DE RECICLADORES PORVENIR ASOPORVENIR,9101264847,7/23/2024 9:21:57 AM,TSO Mobile - Colombia
425,Queclink GL 300W,862369031480235,ASOCIACION DE RECICLADORES PORVENIR ASOPORVENIR,9101343943,10/2/2024 4:29:45 PM,TSO Mobile - Colombia
426,Queclink GL 300W,862369031480268,ASOCIACION DE RECICLADORES PORVENIR ASOPORVENIR,9101055703,10/2/2024 3:01:48 PM,TSO Mobile - Colombia
427,Queclink GL 300W,862369031481530,ASOCIACION DE RECICLADORES PORVENIR ASOPORVENIR,9101298969,9/6/2024 2:39:49 PM,TSO Mobile - Colombia
428,Queclink GL 300W,862369031486646,ASOCIACION DE RECICLADORES PORVENIR ASOPORVENIR,9101342020,10/1/2024 6:45:31 AM,TSO Mobile - Colombia
429,Queclink GL 300W,862369031486901,ASOCIACION DE RECICLADORES PORVENIR ASOPORVENIR,9101342226,8/26/2024 9:24:10 PM,TSO Mobile - Colombia
430,Queclink GL 300W,862369031487925,ASOCIACION DE RECICLADORES PORVENIR ASOPORVENIR,9101342882,8/9/2024 2:10:44 PM,TSO Mobile - Colombia
431,Queclink GL 300W,862369031488246,ASOCIACION DE RECICLADORES PORVENIR ASOPORVENIR,9101072572,9/19/2024 9:14:09 PM,TSO Mobile - Colombia
432,Queclink GL 300W,862369031488717,ASOCIACION DE RECICLADORES PORVENIR ASOPORVENIR,9101152787,9/2/2024 9:19:37 PM,TSO Mobile - Colombia
433,Queclink GL 300W,862369031495407,ASOCIACION DE RECICLADORES PORVENIR ASOPORVENIR,9101062653,9/6/2024 8:53:41 AM,TSO Mobile - Colombia
434,Queclink GL 300W,862369031496496,ASOCIACION DE RECICLADORES PORVENIR ASOPORVENIR,9101195504,8/21/2024 12:25:50 PM,TSO Mobile - Colombia
435,Queclink GL 300W,862369031499086,ASOCIACION DE RECICLADORES PORVENIR ASOPORVENIR,9101287051,7/30/2024 6:39:44 AM,TSO Mobile - Colombia
436,Queclink GL 300W,862369031479989,ASOCIACION DE RECICLADORES PORVENIR ASOPORVENIR,9101344433,9/5/2024 10:29:23 AM,TSO Mobile - Colombia
437,Queclink GL 300W,862369031480169,ASOCIACION DE RECICLADORES PORVENIR ASOPORVENIR,9101139766,8/6/2024 4:47:09 PM,TSO Mobile - Colombia
438,Queclink GL 300W,862369031481043,ASOCIACION DE RECICLADORES PORVENIR ASOPORVENIR,9101321726,7/25/2024 11:12:07 AM,TSO Mobile - Colombia
439,Queclink GL 300W,862369031484278,ASOCIACION DE RECICLADORES PORVENIR ASOPORVENIR,9101356169,7/30/2024 9:28:14 AM,TSO Mobile - Colombia
440,Queclink GL 300W,862369031492750,ASOCIACION DE RECICLADORES PORVENIR ASOPORVENIR,9101390812,8/27/2024 7:40:09 PM,TSO Mobile - Colombia
441,Queclink GL 300W,862369031492800,ASOCIACION DE RECICLADORES PORVENIR ASOPORVENIR,9101156984,6/6/2024 10:29:52 AM,TSO Mobile - Colombia
442,Queclink GL 300W,862369031493808,ASOCIACION DE RECICLADORES PORVENIR ASOPORVENIR,9101378923,8/29/2024 7:11:57 PM,TSO Mobile - Colombia
443,Queclink GL 300W,862369031496009,ASOCIACION DE RECICLADORES PORVENIR ASOPORVENIR,9101311349,5/30/2024 2:30:58 AM,TSO Mobile - Colombia
444,Queclink GL 300W,862369031496884,ASOCIACION DE RECICLADORES PORVENIR ASOPORVENIR,9101347925,10/1/2024 2:12:40 PM,TSO Mobile - Colombia
445,Queclink GL 300W,862369031498799,ASOCIACION DE RECICLADORES PORVENIR ASOPORVENIR,9101160737,8/14/2024 6:50:17 PM,TSO Mobile - Colombia
446,Queclink GL 300W,862369031500545,ASOCIACION DE RECICLADORES PORVENIR ASOPORVENIR,9101312314,7/25/2024 11:15:54 AM,TSO Mobile - Colombia
1064,Queclink GL 300W,863457051941217,CONFORT OPORTUNO EMPRESA COOPERATIVA,9103452311,10/2/2024 4:12:01 PM,TSO Mobile - Colombia
1065,Queclink GL 300W,863457051937140,CONFORT OPORTUNO EMPRESA COOPERATIVA,9104041580,10/2/2024 4:28:13 PM,TSO Mobile - Colombia
1066,Queclink GL 300W,863457051699963,CONFORT OPORTUNO EMPRESA COOPERATIVA,9103441040,9/30/2024 7:37:48 PM,TSO Mobile - Colombia
1067,Queclink GL 300W,863457051941548,CONFORT OPORTUNO EMPRESA COOPERATIVA,9104051694,11/2/2023 3:18:18 PM,TSO Mobile - Colombia
1069,Queclink GL 300W,863457051938312,CONFORT OPORTUNO EMPRESA COOPERATIVA,9103439835,10/2/2024 4:15:35 PM,TSO Mobile - Colombia
1070,Queclink GL 300W,863457051933321,CONFORT OPORTUNO EMPRESA COOPERATIVA,9103421211,10/2/2024 4:24:06 PM,TSO Mobile - Colombia
1071,Queclink GL 300W,863457051938932,CONFORT OPORTUNO EMPRESA COOPERATIVA,9103452282,10/2/2024 4:17:27 PM,TSO Mobile - Colombia
1073,Queclink GL 300W,863457051938478,CONFORT OPORTUNO EMPRESA COOPERATIVA,9104045356,10/2/2024 4:35:16 PM,TSO Mobile - Colombia
1171,Queclink GL 300W,862369031493261,COOPERATIVA DE TRABAJO ASOCIADO ECOAMBIENTAL EL PO,9101289247,10/1/2024 1:06:09 PM,TSO Mobile - Colombia
1172,Queclink GL 300W,862369031495662,COOPERATIVA DE TRABAJO ASOCIADO ECOAMBIENTAL EL PO,9101075323,7/4/2024 12:17:58 PM,TSO Mobile - Colombia
1173,Queclink GL 300W,862369031479922,COOPERATIVA DE TRABAJO ASOCIADO ECOAMBIENTAL EL PO,9101326828,10/2/2024 12:32:18 PM,TSO Mobile - Colombia
1174,Queclink GL 300W,862369031485036,COOPERATIVA DE TRABAJO ASOCIADO ECOAMBIENTAL EL PO,9101272542,5/30/2024 8:46:32 AM,TSO Mobile - Colombia
1175,Queclink GL 300W,862369031491166,COOPERATIVA DE TRABAJO ASOCIADO ECOAMBIENTAL EL PO,9101319630,9/25/2024 4:01:52 PM,TSO Mobile - Colombia
1176,Queclink GL 300W,862369031491810,COOPERATIVA DE TRABAJO ASOCIADO ECOAMBIENTAL EL PO,9101442781,7/25/2024 5:57:20 AM,TSO Mobile - Colombia
1177,Queclink GL 300W,862369031499458,COOPERATIVA DE TRABAJO ASOCIADO ECOAMBIENTAL EL PO,9101318720,8/30/2024 10:54:20 AM,TSO Mobile - Colombia
1178,Queclink GL 300W,862369031486943,COOPERATIVA DE TRABAJO ASOCIADO ECOAMBIENTAL EL PO,9101260841,7/19/2024 1:23:07 PM,TSO Mobile - Colombia
1179,Queclink GL 300W,862369031489251,COOPERATIVA DE TRABAJO ASOCIADO ECOAMBIENTAL EL PO,9101318042,10/1/2024 10:14:11 PM,TSO Mobile - Colombia
1180,Queclink GL 300W,862369031489483,COOPERATIVA DE TRABAJO ASOCIADO ECOAMBIENTAL EL PO,9101261893,8/23/2024 5:11:04 PM,TSO Mobile - Colombia
1181,Queclink GL 300W,862369031473537,COOPERATIVA DE TRABAJO ASOCIADO ECOAMBIENTAL EL PO,9101296518,9/21/2024 7:17:57 AM,TSO Mobile - Colombia
1182,Queclink GL 300W,862369031489038,COOPERATIVA DE TRABAJO ASOCIADO ECOAMBIENTAL EL PO,9101073694,9/5/2024 6:20:45 AM,TSO Mobile - Colombia
1183,Queclink GL 300W,862369031498971,COOPERATIVA DE TRABAJO ASOCIADO ECOAMBIENTAL EL PO,9101331086,7/29/2024 4:09:19 PM,TSO Mobile - Colombia
1184,Queclink GL 300W,862369031483551,COOPERATIVA DE TRABAJO ASOCIADO ECOAMBIENTAL EL PO,9101382438,9/12/2024 7:22:31 PM,TSO Mobile - Colombia
1185,Queclink GL 300W,862369031477504,COOPERATIVA DE TRABAJO ASOCIADO ECOAMBIENTAL EL PO,9101147494,7/12/2024 10:22:25 AM,TSO Mobile - Colombia
1186,Queclink GL 300W,862369031489921,COOPERATIVA DE TRABAJO ASOCIADO ECOAMBIENTAL EL PO,9101076117,7/19/2024 11:53:35 AM,TSO Mobile - Colombia
1187,Queclink GL 300W,862369031489590,COOPERATIVA DE TRABAJO ASOCIADO ECOAMBIENTAL EL PO,9101057112,7/19/2024 2:33:54 PM,TSO Mobile - Colombia
1188,Queclink GL 300W,862369031488964,COOPERATIVA DE TRABAJO ASOCIADO ECOAMBIENTAL EL PO,9101297368,8/30/2024 8:34:37 AM,TSO Mobile - Colombia
1189,Queclink GL 300W,862369031484922,COOPERATIVA DE TRABAJO ASOCIADO ECOAMBIENTAL EL PO,9101339079,9/9/2024 11:29:19 AM,TSO Mobile - Colombia
1190,Queclink GL 300W,862369031472307,COOPERATIVA DE TRABAJO ASOCIADO ECOAMBIENTAL EL PO,9101068542,10/2/2024 4:35:21 PM,TSO Mobile - Colombia
1191,Queclink GL 300W,862369031484112,COOPERATIVA DE TRABAJO ASOCIADO ECOAMBIENTAL EL PO,9101310874,8/5/2024 2:40:40 PM,TSO Mobile - Colombia
1192,Queclink GL 300W,862369031492453,COOPERATIVA DE TRABAJO ASOCIADO ECOAMBIENTAL EL PO,9101058782,7/30/2024 5:34:25 PM,TSO Mobile - Colombia
1193,Queclink GL 300W,862369031490119,COOPERATIVA DE TRABAJO ASOCIADO ECOAMBIENTAL EL PO,9101325356,7/30/2024 6:39:52 AM,TSO Mobile - Colombia
1194,Queclink GL 300W,862369031493097,COOPERATIVA DE TRABAJO ASOCIADO ECOAMBIENTAL EL PO,9101143484,9/14/2024 6:36:54 AM,TSO Mobile - Colombia
1195,Queclink GL 300W,862369031484872,COOPERATIVA DE TRABAJO ASOCIADO ECOAMBIENTAL EL PO,9101357950,5/30/2024 9:47:46 AM,TSO Mobile - Colombia
1196,Queclink GL 300W,862369031486109,COOPERATIVA DE TRABAJO ASOCIADO ECOAMBIENTAL EL PO,9101172459,10/2/2024 7:14:15 AM,TSO Mobile - Colombia
1197,Queclink GL 300W,862369031490226,COOPERATIVA DE TRABAJO ASOCIADO ECOAMBIENTAL EL PO,9101318705,5/30/2024 10:42:24 AM,TSO Mobile - Colombia
1198,Queclink GL 300W,862369031496272,COOPERATIVA DE TRABAJO ASOCIADO ECOAMBIENTAL EL PO,9101379281,5/30/2024 10:33:26 AM,TSO Mobile - Colombia
1199,Queclink GL 300W,862369031497825,COOPERATIVA DE TRABAJO ASOCIADO ECOAMBIENTAL EL PO,9101305328,8/2/2024 3:58:38 PM,TSO Mobile - Colombia
1200,Queclink GL 300W,862369031494947,COOPERATIVA DE TRABAJO ASOCIADO ECOAMBIENTAL EL PO,9101307067,10/2/2024 6:24:55 AM,TSO Mobile - Colombia
1201,Queclink GL 300W,862369031480151,COOPERATIVA DE TRABAJO ASOCIADO ECOAMBIENTAL EL PO,9101352236,9/13/2024 10:19:30 PM,TSO Mobile - Colombia
1202,Queclink GL 300W,862369031495092,COOPERATIVA DE TRABAJO ASOCIADO ECOAMBIENTAL EL PO,9101193596,6/20/2024 12:59:54 PM,TSO Mobile - Colombia
1203,Queclink GL 300W,862369031491109,COOPERATIVA DE TRABAJO ASOCIADO ECOAMBIENTAL EL PO,9101361940,9/23/2024 12:41:05 PM,TSO Mobile - Colombia
1204,Queclink GL 300W,862369031500461,COOPERATIVA DE TRABAJO ASOCIADO ECOAMBIENTAL EL PO,9101175863,8/10/2024 4:25:12 AM,TSO Mobile - Colombia
1205,Queclink GL 300W,862369031484252,COOPERATIVA DE TRABAJO ASOCIADO ECOAMBIENTAL EL PO,9101330695,10/2/2024 11:39:04 AM,TSO Mobile - Colombia
1206,Queclink GL 300W,862369031489806,COOPERATIVA DE TRABAJO ASOCIADO ECOAMBIENTAL EL PO,9101323449,8/30/2024 5:49:52 PM,TSO Mobile - Colombia
1207,Queclink GL 300W,862369031495100,COOPERATIVA DE TRABAJO ASOCIADO ECOAMBIENTAL EL PO,9101156903,7/12/2024 11:55:06 AM,TSO Mobile - Colombia
1208,Queclink GL 300W,862369031484286,COOPERATIVA DE TRABAJO ASOCIADO ECOAMBIENTAL EL PO,9101329259,8/21/2024 8:14:27 PM,TSO Mobile - Colombia
1209,Queclink GL 300W,862369031484005,COOPERATIVA DE TRABAJO ASOCIADO ECOAMBIENTAL EL PO,9101342230,8/8/2024 8:28:06 AM,TSO Mobile - Colombia
1210,Queclink GL 300W,862369031473842,COOPERATIVA DE TRABAJO ASOCIADO ECOAMBIENTAL EL PO,9101379289,7/12/2024 11:07:56 AM,TSO Mobile - Colombia
1211,Queclink GL 300W,862369031498104,COOPERATIVA DE TRABAJO ASOCIADO ECOAMBIENTAL EL PO,9101061098,7/23/2024 12:27:03 PM,TSO Mobile - Colombia
1212,Queclink GL 300W,862369031492792,COOPERATIVA DE TRABAJO ASOCIADO ECOAMBIENTAL EL PO,9101339073,7/16/2024 8:49:29 AM,TSO Mobile - Colombia
1213,Queclink GL 300W,862369031495282,COOPERATIVA DE TRABAJO ASOCIADO ECOAMBIENTAL EL PO,9101051975,7/6/2024 7:44:37 PM,TSO Mobile - Colombia
1214,Queclink GL 300W,862369031494475,COOPERATIVA DE TRABAJO ASOCIADO ECOAMBIENTAL EL PO,9101156473,8/14/2024 10:00:29 AM,TSO Mobile - Colombia
1215,Queclink GL 300W,862369031494640,COOPERATIVA DE TRABAJO ASOCIADO ECOAMBIENTAL EL PO,9101373582,9/7/2024 6:06:20 PM,TSO Mobile - Colombia
1216,Queclink GL 300W,862369031495712,COOPERATIVA DE TRABAJO ASOCIADO ECOAMBIENTAL EL PO,9101325365,7/25/2024 9:54:58 PM,TSO Mobile - Colombia
1217,Queclink GL 300W,862369031488634,COOPERATIVA DE TRABAJO ASOCIADO ECOAMBIENTAL EL PO,9101339114,8/1/2024 9:43:35 AM,TSO Mobile - Colombia
1218,Queclink GL 300W,862369031493436,COOPERATIVA DE TRABAJO ASOCIADO ECOAMBIENTAL EL PO,9101328676,9/9/2024 6:59:01 PM,TSO Mobile - Colombia
1219,Queclink GL 300W,862369031488683,COOPERATIVA DE TRABAJO ASOCIADO ECOAMBIENTAL EL PO,9101190059,8/4/2024 7:59:55 PM,TSO Mobile - Colombia
1220,Queclink GL 300W,862369031489780,COOPERATIVA DE TRABAJO ASOCIADO ECOAMBIENTAL EL PO,9101392185,7/14/2024 4:33:24 PM,TSO Mobile - Colombia
1221,Queclink GL 300W,862369031489988,COOPERATIVA DE TRABAJO ASOCIADO ECOAMBIENTAL EL PO,9101285085,9/25/2024 3:58:08 PM,TSO Mobile - Colombia
1222,Queclink GL 300W,862369031476191,COOPERATIVA DE TRABAJO ASOCIADO ECOAMBIENTAL EL PO,9101324954,8/7/2024 6:14:14 AM,TSO Mobile - Colombia
1223,Queclink GL 300W,862369031479906,COOPERATIVA DE TRABAJO ASOCIADO ECOAMBIENTAL EL PO,9101174346,8/24/2024 8:01:07 AM,TSO Mobile - Colombia
1224,Queclink GL 300W,862369031485119,COOPERATIVA DE TRABAJO ASOCIADO ECOAMBIENTAL EL PO,9101420876,8/28/2024 3:27:15 PM,TSO Mobile - Colombia
1225,Queclink GL 300W,862369031499102,COOPERATIVA DE TRABAJO ASOCIADO ECOAMBIENTAL EL PO,9101162797,8/8/2024 10:19:21 AM,TSO Mobile - Colombia
1226,Queclink GL 300W,862369031492776,COOPERATIVA DE TRABAJO ASOCIADO ECOAMBIENTAL EL PO,9101340704,9/5/2024 9:34:18 PM,TSO Mobile - Colombia
1228,Queclink GL 300W,862369031485002,COOPERATIVA DE TRABAJO ASOCIADO ECOAMBIENTAL EL PO,9101262730,6/6/2024 8:04:10 AM,TSO Mobile - Colombia
1229,Queclink GL 300W,862369031486240,COOPERATIVA DE TRABAJO ASOCIADO ECOAMBIENTAL EL PO,9101168138,9/9/2024 7:44:27 PM,TSO Mobile - Colombia
1230,Queclink GL 300W,862369031495464,COOPERATIVA DE TRABAJO ASOCIADO ECOAMBIENTAL EL PO,9101326749,8/6/2024 4:05:33 PM,TSO Mobile - Colombia
1231,Queclink GL 300W,862369031494707,COOPERATIVA DE TRABAJO ASOCIADO ECOAMBIENTAL EL PO,9101354219,9/12/2024 4:01:17 PM,TSO Mobile - Colombia
1232,Queclink GL 300W,862369031494798,COOPERATIVA DE TRABAJO ASOCIADO ECOAMBIENTAL EL PO,9101339070,9/1/2024 5:47:22 PM,TSO Mobile - Colombia
1233,Queclink GL 300W,862369031483494,COOPERATIVA DE TRABAJO ASOCIADO ECOAMBIENTAL EL PO,9101148332,8/12/2024 6:45:24 PM,TSO Mobile - Colombia
1234,Queclink GL 300W,862369031477900,COOPERATIVA DE TRABAJO ASOCIADO ECOAMBIENTAL EL PO,9101378979,5/31/2024 12:30:41 AM,TSO Mobile - Colombia
1235,Queclink GL 300W,862369031471689,COOPERATIVA DE TRABAJO ASOCIADO ECOAMBIENTAL EL PO,9101198300,9/30/2024 11:15:33 PM,TSO Mobile - Colombia
1236,Queclink GL 300W,862369031472026,COOPERATIVA DE TRABAJO ASOCIADO ECOAMBIENTAL EL PO,9101367451,10/2/2024 4:55:06 AM,TSO Mobile - Colombia
1237,Queclink GL 300W,862369031472364,COOPERATIVA DE TRABAJO ASOCIADO ECOAMBIENTAL EL PO,9101069940,10/2/2024 12:19:02 PM,TSO Mobile - Colombia
1238,Queclink GL 300W,862369031472596,COOPERATIVA DE TRABAJO ASOCIADO ECOAMBIENTAL EL PO,9101065171,7/10/2024 3:51:14 PM,TSO Mobile - Colombia
1239,Queclink GL 300W,862369031475730,COOPERATIVA DE TRABAJO ASOCIADO ECOAMBIENTAL EL PO,9101339104,8/16/2024 11:23:44 AM,TSO Mobile - Colombia
1240,Queclink GL 300W,862369031481100,COOPERATIVA DE TRABAJO ASOCIADO ECOAMBIENTAL EL PO,9101294415,8/23/2024 4:44:04 AM,TSO Mobile - Colombia
1241,Queclink GL 300W,862369031484054,COOPERATIVA DE TRABAJO ASOCIADO ECOAMBIENTAL EL PO,9101288880,10/2/2024 1:36:06 PM,TSO Mobile - Colombia
1242,Queclink GL 300W,862369031485077,COOPERATIVA DE TRABAJO ASOCIADO ECOAMBIENTAL EL PO,9101336954,8/15/2024 10:26:25 PM,TSO Mobile - Colombia
1243,Queclink GL 300W,862369031485093,COOPERATIVA DE TRABAJO ASOCIADO ECOAMBIENTAL EL PO,9101379636,7/31/2024 7:49:12 PM,TSO Mobile - Colombia
1244,Queclink GL 300W,862369031485424,COOPERATIVA DE TRABAJO ASOCIADO ECOAMBIENTAL EL PO,9101147462,9/30/2024 2:01:26 PM,TSO Mobile - Colombia
1245,Queclink GL 300W,862369031488121,COOPERATIVA DE TRABAJO ASOCIADO ECOAMBIENTAL EL PO,9101068548,9/30/2024 5:25:11 PM,TSO Mobile - Colombia
1246,Queclink GL 300W,862369031492172,COOPERATIVA DE TRABAJO ASOCIADO ECOAMBIENTAL EL PO,9101062675,10/2/2024 2:12:50 PM,TSO Mobile - Colombia
1247,Queclink GL 300W,862369031492958,COOPERATIVA DE TRABAJO ASOCIADO ECOAMBIENTAL EL PO,9101431402,7/29/2024 3:14:55 PM,TSO Mobile - Colombia
1248,Queclink GL 300W,862369031493675,COOPERATIVA DE TRABAJO ASOCIADO ECOAMBIENTAL EL PO,9101395105,8/22/2024 4:54:19 PM,TSO Mobile - Colombia
1249,Queclink GL 300W,862369031495860,COOPERATIVA DE TRABAJO ASOCIADO ECOAMBIENTAL EL PO,9101288871,7/11/2024 5:32:35 AM,TSO Mobile - Colombia
1250,Queclink GL 300W,862369031497874,COOPERATIVA DE TRABAJO ASOCIADO ECOAMBIENTAL EL PO,9101380015,9/24/2024 6:43:45 AM,TSO Mobile - Colombia
1251,Queclink GL 300W,862369031497916,COOPERATIVA DE TRABAJO ASOCIADO ECOAMBIENTAL EL PO,9101356162,9/27/2024 8:58:53 AM,TSO Mobile - Colombia
1252,Queclink GL 300W,862369031498237,COOPERATIVA DE TRABAJO ASOCIADO ECOAMBIENTAL EL PO,9101344058,9/19/2024 9:31:41 AM,TSO Mobile - Colombia
1253,Queclink GL 300W,862369031498708,COOPERATIVA DE TRABAJO ASOCIADO ECOAMBIENTAL EL PO,9101297869,10/2/2024 4:35:29 PM,TSO Mobile - Colombia
1254,Queclink GL 300W,862369031499003,COOPERATIVA DE TRABAJO ASOCIADO ECOAMBIENTAL EL PO,9101376991,7/11/2024 12:11:14 AM,TSO Mobile - Colombia
1255,Queclink GL 300W,862369031499896,COOPERATIVA DE TRABAJO ASOCIADO ECOAMBIENTAL EL PO,9101265749,5/30/2024 10:04:14 AM,TSO Mobile - Colombia
1256,Queclink GL 300W,862369031500180,COOPERATIVA DE TRABAJO ASOCIADO ECOAMBIENTAL EL PO,9101299710,8/5/2024 3:27:40 PM,TSO Mobile - Colombia
1257,Queclink GL 300W,862369031500412,COOPERATIVA DE TRABAJO ASOCIADO ECOAMBIENTAL EL PO,9101168119,7/6/2024 6:48:58 AM,TSO Mobile - Colombia
1258,Queclink GL 300W,862369031471218,COOPERATIVA DE TRABAJO ASOCIADO ECOAMBIENTAL EL PO,9101339098,7/10/2024 6:39:30 AM,TSO Mobile - Colombia
1259,Queclink GL 300W,862369031472950,COOPERATIVA DE TRABAJO ASOCIADO ECOAMBIENTAL EL PO,9101068581,8/14/2024 3:17:47 PM,TSO Mobile - Colombia
1260,Queclink GL 300W,862369031475557,COOPERATIVA DE TRABAJO ASOCIADO ECOAMBIENTAL EL PO,9101312137,8/24/2024 7:35:08 AM,TSO Mobile - Colombia
1261,Queclink GL 300W,862369031477025,COOPERATIVA DE TRABAJO ASOCIADO ECOAMBIENTAL EL PO,9101420871,5/30/2024 10:03:04 PM,TSO Mobile - Colombia
1262,Queclink GL 300W,862369031486042,COOPERATIVA DE TRABAJO ASOCIADO ECOAMBIENTAL EL PO,9101284209,7/2/2024 4:32:58 PM,TSO Mobile - Colombia
1263,Queclink GL 300W,862369031486950,COOPERATIVA DE TRABAJO ASOCIADO ECOAMBIENTAL EL PO,9101357992,9/20/2024 6:08:54 AM,TSO Mobile - Colombia
1264,Queclink GL 300W,862369031488220,COOPERATIVA DE TRABAJO ASOCIADO ECOAMBIENTAL EL PO,9101066022,8/30/2024 5:39:53 AM,TSO Mobile - Colombia
1265,Queclink GL 300W,862369031488253,COOPERATIVA DE TRABAJO ASOCIADO ECOAMBIENTAL EL PO,9101144472,5/31/2024 3:43:17 AM,TSO Mobile - Colombia
1266,Queclink GL 300W,862369031489053,COOPERATIVA DE TRABAJO ASOCIADO ECOAMBIENTAL EL PO,9101382471,10/2/2024 4:17:18 PM,TSO Mobile - Colombia
1267,Queclink GL 300W,862369031491588,COOPERATIVA DE TRABAJO ASOCIADO ECOAMBIENTAL EL PO,9101170515,9/17/2024 8:02:25 AM,TSO Mobile - Colombia
1268,Queclink GL 300W,862369031492677,COOPERATIVA DE TRABAJO ASOCIADO ECOAMBIENTAL EL PO,9101074065,10/1/2024 2:52:10 PM,TSO Mobile - Colombia
1269,Queclink GL 300W,862369031492891,COOPERATIVA DE TRABAJO ASOCIADO ECOAMBIENTAL EL PO,9101342721,10/2/2024 2:38:33 PM,TSO Mobile - Colombia
1270,Queclink GL 300W,862369031496454,COOPERATIVA DE TRABAJO ASOCIADO ECOAMBIENTAL EL PO,9101149093,8/20/2024 8:21:24 AM,TSO Mobile - Colombia
1271,Queclink GL 300W,862369031499409,COOPERATIVA DE TRABAJO ASOCIADO ECOAMBIENTAL EL PO,9101359501,10/2/2024 12:21:20 PM,TSO Mobile - Colombia
1272,Queclink GL 300W,862369031499508,COOPERATIVA DE TRABAJO ASOCIADO ECOAMBIENTAL EL PO,9101375488,9/16/2024 1:58:33 PM,TSO Mobile - Colombia
1273,Queclink GL 300W,862369031500479,COOPERATIVA DE TRABAJO ASOCIADO ECOAMBIENTAL EL PO,9101359460,10/2/2024 3:58:05 PM,TSO Mobile - Colombia
3415,Queclink GL 300W,863457051938726,PROYECTOS DE INGENIERIA SA PROING SA,9103432370,10/2/2024 4:08:25 PM,TSO Mobile - Colombia
4136,Queclink GL 300W,863457051933933,PROYECTOS DE INGENIERIA SA PROING SA,9104051663,10/2/2024 4:10:27 PM,TSO Mobile - Colombia
4646,Queclink GL 300W,868574041971024,TRANSCARGA RG SAS,9104050428,10/2/2024 3:52:24 PM,TSO Mobile - Colombia
4694,Queclink GL 300W,863457051895389,TRANSCARGA RG SAS,9103380257,10/2/2024 3:40:08 PM,TSO Mobile - Colombia
4791,Queclink GL 300,862369031081769,TRANSPORTES ESPECIALES DE COLOMBIA TEC LTDA,9109103427422,10/2/2024 4:36:00 PM,TSO Mobile - Colombia
4797,Queclink GL 300,860599004475620,TRANSPORTES ESPECIALES DE COLOMBIA TEC LTDA,9103411202,9/12/2024 4:29:17 PM,TSO Mobile - Colombia
4960,Queclink GL 300,860599004492674,TSO LABORATORIO,3407473,8/10/2024 4:49:27 PM,TSO Mobile - Colombia
5063,Queclink GL 300,860599002657187,TSO TRANSITO LABORATORIO,9103389028,7/8/2018 2:47:17 AM,TSO Mobile - Colombia
5064,Queclink GL 300,860599002656296,TSO TRANSITO LABORATORIO,9103414935,7/27/2018 1:30:40 PM,TSO Mobile - Colombia
5065,Queclink GL 300,860599002658854,TSO TRANSITO LABORATORIO,9103429883,6/26/2018 6:31:37 AM,TSO Mobile - Colombia
5066,Queclink GL 300,860599002653426,TSO TRANSITO LABORATORIO,11,7/18/2024 12:39:35 PM,TSO Mobile - Colombia
5112,Queclink GL 300,860599004461521,TSO TRANSITO LABORATORIO,,12/12/2022 9:29:12 AM,TSO Mobile - Colombia
5337,Queclink GL 300,860599003924180,TSO TRANSITO LABORATORIO,310,6/23/2020 6:30:21 PM,TSO Mobile - Colombia
5338,Queclink GL 300,860599003911997,TSO TRANSITO LABORATORIO,9103453569,6/18/2021 11:34:41 AM,TSO Mobile - Colombia
5339,Queclink GL 300,860599003917572,TSO TRANSITO LABORATORIO,,12/7/2020 12:48:12 PM,TSO Mobile - Colombia
5340,Queclink GL 300,860599003929445,TSO TRANSITO LABORATORIO,9103411174,8/1/2024 9:43:23 AM,TSO Mobile - Colombia
5495,Queclink GL 300,860599002977650,TSO TRANSITO LABORATORIO,9103406178,6/25/2021 11:34:30 AM,TSO Mobile - Colombia
5496,Queclink GL 300,860599004448684,TSO TRANSITO LABORATORIO,9103437362,2/19/2024 11:22:47 AM,TSO Mobile - Colombia
5497,Queclink GL 300,860599004487575,TSO TRANSITO LABORATORIO,320802,5/29/2020 10:43:04 AM,TSO Mobile - Colombia
5498,Queclink GL 300,860599004499679,TSO TRANSITO LABORATORIO,3104413304Â ,6/20/2020 10:20:16 AM,TSO Mobile - Colombia
5504,Queclink GL 300,860599004466389,TSO TRANSITO LABORATORIO,,3/17/2021 10:11:44 AM,TSO Mobile - Colombia
5528,Queclink GL 300,868574042398078,TSO TRANSITO LABORATORIO,9104051681,11/9/2023 4:19:58 PM,TSO Mobile - Colombia
5700,Queclink GL 300W,862369030961078,TSO TRANSITO LABORATORIO,9103411238,4/29/2022 7:11:10 PM,TSO Mobile - Colombia
5708,Queclink GL 300W,862369030953695,TSO TRANSITO LABORATORIO,9103411169,6/5/2023 10:21:26 PM,TSO Mobile - Colombia
5709,Queclink GL 300W,862369030955781,TSO TRANSITO LABORATORIO,9103411169,5/3/2023 9:40:43 PM,TSO Mobile - Colombia
5712,Queclink GL 300W,862369030940098,TSO TRANSITO LABORATORIO,340,11/18/2022 8:32:44 PM,TSO Mobile - Colombia
5714,Queclink GL 300W,862369030963157,TSO TRANSITO LABORATORIO,9103387814,3/12/2022 11:01:34 AM,TSO Mobile - Colombia
5727,Queclink GL 300W,862369030957522,TSO TRANSITO LABORATORIO,3206,1/24/2022 9:12:04 AM,TSO Mobile - Colombia
5737,Queclink GL 300W,862369030951699,TSO TRANSITO LABORATORIO,343,11/22/2022 9:06:09 PM,TSO Mobile - Colombia
5740,Queclink GL 300W,862369030944074,TSO TRANSITO LABORATORIO,9103403728,4/14/2023 1:37:49 PM,TSO Mobile - Colombia
5741,Queclink GL 300W,862369030959247,TSO TRANSITO LABORATORIO,9103457327,12/9/2021 9:57:08 PM,TSO Mobile - Colombia
5742,Queclink GL 300W,862369030952341,TSO TRANSITO LABORATORIO,338,11/25/2022 7:10:29 PM,TSO Mobile - Colombia
5746,Queclink GL 300W,862369030967240,TSO TRANSITO LABORATORIO,310-----,8/24/2021 9:08:11 AM,TSO Mobile - Colombia
5748,Queclink GL 300W,862369030949008,TSO TRANSITO LABORATORIO,9103398706,4/18/2023 6:40:09 AM,TSO Mobile - Colombia
5749,Queclink GL 300W,862369030957035,TSO TRANSITO LABORATORIO,910339,5/26/2022 10:44:27 PM,TSO Mobile - Colombia
5890,Queclink GL 300W,862369031098680,TSO TRANSITO LABORATORIO,9103457327,5/26/2023 1:11:18 AM,TSO Mobile - Colombia
5896,Queclink GL 300W,862369031088954,TSO TRANSITO LABORATORIO,,8/2/2024 3:31:07 PM,TSO Mobile - Colombia
5979,Queclink GL 300W,863457051935417,TSO TRANSITO LABORATORIO,9103393759,4/18/2024 11:02:49 AM,TSO Mobile - Colombia
6072,Queclink GL 300W,863457051939641,TSO TRANSITO LABORATORIO,910344,5/28/2024 12:47:48 PM,TSO Mobile - Colombia
6116,Queclink GL 300,860599004490421,TSO TRANSITO LABORATORIO,3102123392,8/4/2020 3:53:56 PM,TSO Mobile - Colombia
6169,Queclink GL 300,860599004449609,TSO TRANSITO LABORATORIO,9103411192,3/2/2022 10:37:01 AM,TSO Mobile - Colombia
6262,Queclink GL 300,867844000261423,TSO TRANSITO LABORATORIO,9101183297,3/27/2021 1:36:11 AM,TSO Mobile - Colombia
6382,Queclink GL 300,867844000260888,TSO TRANSITO LABORATORIO,3101234567,9/9/2021 7:26:54 PM,TSO Mobile - Colombia
6383,Queclink GL 300,860599001299957,TSO TRANSITO LABORATORIO,,7/22/2022 9:06:48 AM,TSO Mobile - Colombia
6445,Queclink GL 300,868789024430190,TSO UNID IDS SIN USO,9103447290,3/15/2019 6:56:13 PM,TSO Mobile - Colombia
6628,Queclink GL 300W,863457051939203,TTSO MOBILE S.A.S COLOMBIA,9103431081,7/2/2024 9:36:20 AM,TSO Mobile - Colombia
6661,Queclink GL 300,860599004482907,TTSO MOBILE S.A.S COLOMBIA,312,9/11/2020 6:14:48 AM,TSO Mobile - Colombia
6689,Queclink GL 300,860599003931839,TTSO MOBILE S.A.S COLOMBIA,9101427896,12/24/2020 3:49:54 AM,TSO Mobile - Colombia
6690,Queclink GL 300,860599003906609,TTSO MOBILE S.A.S COLOMBIA,9101422066,2/20/2024 10:53:38 AM,TSO Mobile - Colombia
6691,Queclink GL 300,860599003911336,TTSO MOBILE S.A.S COLOMBIA,9101428965,10/14/2020 8:47:36 PM,TSO Mobile - Colombia
6692,Queclink GL 300,860599003909793,TTSO MOBILE S.A.S COLOMBIA,910142,1/2/2021 3:28:56 PM,TSO Mobile - Colombia
6719,Queclink GL 300,862369030961821,TTSO MOBILE S.A.S COLOMBIA,9103404942,4/7/2021 3:59:06 PM,TSO Mobile - Colombia
6720,Queclink GL 300,7319647364569,TTSO MOBILE S.A.S COLOMBIA,344,6/5/2023 5:26:27 PM,TSO Mobile - Colombia
6721,Queclink GL 300,860599004454559,TTSO MOBILE S.A.S COLOMBIA,9103380208,4/6/2022 10:18:15 AM,TSO Mobile - Colombia
6724,Queclink GL 300,860599004480653,TTSO MOBILE S.A.S COLOMBIA,91033,4/19/2021 5:41:14 PM,TSO Mobile - Colombia
6725,Queclink GL 300,867844000260474,TTSO MOBILE S.A.S COLOMBIA,9103441076,4/20/2021 6:15:18 PM,TSO Mobile - Colombia
6726,Queclink GL 300,862369030968404,TTSO MOBILE S.A.S COLOMBIA,9103414916,4/7/2021 4:13:27 PM,TSO Mobile - Colombia
6799,Queclink GL 300W,862369030963173,TTSO MOBILE S.A.S COLOMBIA,9103446070,11/29/2023 12:08:45 PM,TSO Mobile - Colombia
6809,Queclink GL 300W,862369030967380,TTSO MOBILE S.A.S COLOMBIA,9103421207,9/27/2023 3:30:34 PM,TSO Mobile - Colombia
6883,Queclink GL 300W,860599004454005,TTSO MOBILE S.A.S COLOMBIA,9103384009,4/29/2023 8:54:03 AM,TSO Mobile - Colombia
6931,Queclink GL 300W,860599004449070,TTSO MOBILE S.A.S COLOMBIA,dsd9103394984,6/17/2024 9:19:00 AM,TSO Mobile - Colombia
6942,Queclink GL 300W,862369031077072,TTSO MOBILE S.A.S COLOMBIA,9103983304,2/5/2024 9:58:04 AM,TSO Mobile - Colombia
6946,Queclink GL 300W,862369031072669,TTSO MOBILE S.A.S COLOMBIA,9103397448,2/28/2022 9:55:59 AM,TSO Mobile - Colombia
6947,Queclink GL 300W,862369031098433,TTSO MOBILE S.A.S COLOMBIA,9103441072,12/22/2021 8:25:02 AM,TSO Mobile - Colombia
6948,Queclink GL 300W,862369031072065,TTSO MOBILE S.A.S COLOMBIA,9103411194,2/28/2022 10:36:39 AM,TSO Mobile - Colombia
6949,Queclink GL 300W,862369031094234,TTSO MOBILE S.A.S COLOMBIA,9103423649,2/28/2022 12:08:16 PM,TSO Mobile - Colombia
6950,Queclink GL 300W,862369031094432,TTSO MOBILE S.A.S COLOMBIA,9103427423,12/22/2021 2:27:07 AM,TSO Mobile - Colombia
7873,Queclink GL 300W,862369031514595,TTSO MOBILE S.A.S COLOMBIA,9101321758,8/4/2024 7:22:14 AM,TSO Mobile - Colombia
7874,Queclink GL 300W,862369031514470,TTSO MOBILE S.A.S COLOMBIA,9101193701,10/2/2024 4:35:55 PM,TSO Mobile - Colombia
8370,Queclink GL 300W,863457051697777,TTSO MOBILE S.A.S COLOMBIA,9103431062,10/17/2023 3:31:06 PM,TSO Mobile - Colombia
8399,Queclink GL 300,860599004455762,TTSO MOBILE S.A.S COLOMBIA,9104054160,2/20/2024 4:26:50 AM,TSO Mobile - Colombia
8411,Queclink GL 300W,862369031090760,TTSO MOBILE S.A.S COLOMBIA,5007241261,11/29/2023 12:34:01 AM,TSO Mobile - Colombia
8423,Queclink GL 300W,863457051700704,TTSO MOBILE S.A.S COLOMBIA,9103443544,4/23/2017 2:24:56 PM,TSO Mobile - Colombia
8459,Queclink GL 300W,863457051934279,VALERIA RIOS CASTRO,9103412425,10/2/2024 12:57:16 PM,TSO Mobile - Colombia
1115,Queclink GL 300W,862369031091198,EXACTA OPERADOR LOGISTICO S.A.C.,958181713,10/2/2024 5:22:01 PM,TSO Mobile Peru
1226,Queclink GL 300,860599002512937,GLOBAL TECHNOLOGY & SERVICIOS PREVENCIONISTAS AL S.A.C.,972554565,10/1/2024 5:15:54 AM,TSO Mobile Peru
1227,Queclink GL 300,860599002513240,GLOBAL TECHNOLOGY & SERVICIOS PREVENCIONISTAS AL S.A.C.,940925047,10/2/2024 5:20:17 PM,TSO Mobile Peru
1228,Queclink GL 300,860599002523702,GLOBAL TECHNOLOGY & SERVICIOS PREVENCIONISTAS AL S.A.C.,991843915,9/16/2024 6:34:58 PM,TSO Mobile Peru
1229,Queclink GL 300,860599002521813,GLOBAL TECHNOLOGY & SERVICIOS PREVENCIONISTAS AL S.A.C.,984761571,9/29/2024 7:13:30 AM,TSO Mobile Peru
1230,Queclink GL 300,860599002521045,GLOBAL TECHNOLOGY & SERVICIOS PREVENCIONISTAS AL S.A.C.,972579007,9/27/2024 1:24:53 PM,TSO Mobile Peru
1231,Queclink GL 300,860599002522316,GLOBAL TECHNOLOGY & SERVICIOS PREVENCIONISTAS AL S.A.C.,991845176,10/2/2024 4:10:07 PM,TSO Mobile Peru
1232,Queclink GL 300,860599002528263,GLOBAL TECHNOLOGY & SERVICIOS PREVENCIONISTAS AL S.A.C.,991845915,10/1/2024 10:27:19 PM,TSO Mobile Peru
1233,Queclink GL 300,860599002971547,GLOBAL TECHNOLOGY & SERVICIOS PREVENCIONISTAS AL S.A.C.,958958005,10/1/2024 12:30:25 PM,TSO Mobile Peru
1234,Queclink GL 300W,862369031079755,GLOBAL TECHNOLOGY & SERVICIOS PREVENCIONISTAS AL S.A.C.,958730728,9/25/2024 2:27:14 PM,TSO Mobile Peru
1235,Queclink GL 300W,862369031083682,GLOBAL TECHNOLOGY & SERVICIOS PREVENCIONISTAS AL S.A.C.,972555132,10/2/2024 5:21:55 PM,TSO Mobile Peru
1319,Queclink GL 300,860599003921962,GRUAS Y TRANSPORTES SAN LORENZO S.A.C.,957666785,10/2/2024 5:21:47 PM,TSO Mobile Peru
1643,Queclink GL 300,860599001600816,LOGIK EXPRESS S.A.C.,987376557,10/2/2024 3:40:48 PM,TSO Mobile Peru
1644,Queclink GL 300,860599002519379,LOGIK EXPRESS S.A.C.,987375379,9/19/2024 1:49:04 AM,TSO Mobile Peru
1645,Queclink GL 300,860599002517811,LOGIK EXPRESS S.A.C.,991844957,9/28/2024 3:18:21 AM,TSO Mobile Peru
1646,Queclink GL 300,860599002526895,LOGIK EXPRESS S.A.C.,989673788,10/2/2024 5:22:21 PM,TSO Mobile Peru
1647,Queclink GL 300,860599002524130,LOGIK EXPRESS S.A.C.,989672746,9/13/2024 9:44:54 AM,TSO Mobile Peru
1648,Queclink GL 300W,862369031498468,LOGIK EXPRESS S.A.C.,958720991,9/21/2024 5:16:03 AM,TSO Mobile Peru
1649,Queclink GL 300W,862369031491562,LOGIK EXPRESS S.A.C.,964342676,10/2/2024 5:21:31 PM,TSO Mobile Peru
1650,Queclink GL 300W,862369031474428,LOGIK EXPRESS S.A.C.,989661987,10/2/2024 11:41:47 AM,TSO Mobile Peru
1651,Queclink GL 300W,862369031491372,LOGIK EXPRESS S.A.C.,991317711,9/28/2024 2:02:31 AM,TSO Mobile Peru
1652,Queclink GL 300,860599002985844,LOGIK EXPRESS S.A.C.,987455579,9/24/2024 10:53:44 PM,TSO Mobile Peru
2106,Queclink GL 300,860599002515229,PROTEKTOR SEGURIDAD INTEGRAL SAC,989676808,9/12/2024 12:52:00 PM,TSO Mobile Peru
2107,Queclink GL 300W,862369031479930,PROTEKTOR SEGURIDAD INTEGRAL SAC,987374194,9/9/2024 5:10:28 AM,TSO Mobile Peru
4287,Queclink GL 300,860599002973899,TSO INVENTARIO DISPONIBLE PERU,989491147,6/10/2020 4:36:33 PM,TSO Mobile Peru
4290,Queclink GL 300,860599001581206,TSO INVENTARIO DISPONIBLE PERU,,8/28/2024 5:46:57 PM,TSO Mobile Peru
4295,Queclink GL 300,860599002522969,TSO INVENTARIO DISPONIBLE PERU,983277325,1/21/2022 11:29:11 PM,TSO Mobile Peru
4301,Queclink GL 300W,860599002988665,TSO INVENTARIO DISPONIBLE PERU,989597658,7/25/2023 11:57:37 PM,TSO Mobile Peru
4302,Queclink GL 300,860599003002144,TSO INVENTARIO DISPONIBLE PERU,941666557,3/13/2021 11:51:27 AM,TSO Mobile Peru
4350,Queclink GL 300,860599003001807,TSO INVENTARIO DISPONIBLE PERU,989490918,3/12/2020 3:08:39 PM,TSO Mobile Peru
4386,Queclink GL 300W,862369031081645,TSO INVENTARIO DISPONIBLE PERU,,8/28/2024 3:10:14 PM,TSO Mobile Peru
4399,Queclink GL 300W,862369031077510,TSO INVENTARIO DISPONIBLE PERU,991600290,9/3/2024 1:19:12 PM,TSO Mobile Peru
4400,Queclink GL 300W,862369031097989,TSO INVENTARIO DISPONIBLE PERU,957666427,6/4/2024 3:57:34 PM,TSO Mobile Peru
4401,Queclink GL 300W,862369031076926,TSO INVENTARIO DISPONIBLE PERU,958736002,6/21/2023 1:36:05 PM,TSO Mobile Peru
4402,Queclink GL 300W,862369031096254,TSO INVENTARIO DISPONIBLE PERU,,9/13/2024 3:44:16 PM,TSO Mobile Peru
4867,Queclink GL 300W,863457051701660,TSO INVENTARIO DISPONIBLE PERU,964342676,1/1/1900 12:00:00 AM,TSO Mobile Peru
4989,Queclink GL 300W,862369031098375,TSO INVENTARIO DISPONIBLE PERU,957666427,6/4/2024 2:38:24 PM,TSO Mobile Peru
5649,Queclink GL 300W,862369031096528,TSO INVENTARIO DISPONIBLE PERU,997259430,6/28/2023 8:42:13 PM,TSO Mobile Peru
5807,Queclink GL 300W,863457051712311,TSO LABORATORIO PERU,d972585211,5/4/2024 4:00:32 PM,TSO Mobile Peru
5895,Queclink GL 300,860599001603398,TSO TRANSITO LABORATORIO,989673011,7/7/2024 6:03:23 PM,TSO Mobile Peru
6039,Queclink GL 300W,860599002987634,TSO TRANSITO LABORATORIO,989488721,2/6/2019 9:57:43 AM,TSO Mobile Peru
6040,Queclink GL 300W,860599002971026,TSO TRANSITO LABORATORIO,989489082,2/6/2019 10:32:49 AM,TSO Mobile Peru
6041,Queclink GL 300W,,TSO TRANSITO LABORATORIO,,11/30/2022 3:33:38 PM,TSO Mobile Peru